consent_form.block_1/question2,participant,session,date,expName,psychopyVersion,OS,frameRate,cbingDFv2.group,cbingDFv2.remaining,code.started,code.stopped,training_instruction.started,training_instruction.stopped,key_resp.keys,key_resp.rt,key_resp.duration,training4.started,training4.stopped,trials4.thisRepN,trials4.thisTrialN,trials4.thisN,trials4.thisIndex,trials4.ran,"ID",word,easy_hard,old_new,R_F,testing_instruction.started,testing_instruction.stopped,key_resp_2.keys,key_resp_2.rt,key_resp_2.duration,testing_phase.started,testing_phase.stopped,testing_input.keys,testing_input.rt,testing_input.duration,testing.thisRepN,testing.thisTrialN,testing.thisN,testing.thisIndex,testing.ran,KFFRQ,ART_instruction.started,ART_instruction.stopped,ART.started,ART.stopped,key_resp_LDT.keys,key_resp_LDT.rt,key_resp_LDT.duration,ART_trials.thisRepN,ART_trials.thisTrialN,ART_trials.thisN,ART_trials.thisIndex,ART_trials.ran,Index,Author,real,LexTALE_instruction.started,LexTALE_instruction.stopped,LexTALE.started,LexTALE.stopped,key_resp_LDT_2.keys,key_resp_LDT_2.rt,key_resp_LDT_2.duration,LexTALE_trials.thisRepN,LexTALE_trials.thisTrialN,LexTALE_trials.thisN,LexTALE_trials.thisIndex,LexTALE_trials.ran,Word,Real,language_background_q.block_1/Q1,language_background_q.block_1/Q2,language_background_q.block_1/Q17,language_background_q.block_1/Q19,language_background_q.block_1/Q20,language_background_q.block_1/Q21,language_background_q.block_1/Q22,language_background_q.block_1/Q47,language_background_q.block_1/Q53,language_background_q.block_1/Q54,language_background_q.block_1/Q55,language_background_q.block_1/Q58,language_background_q.block_1/Q59,end.started,end.stopped,space_to_end.keys,space_to_end.rt,space_to_end.duration
"[""Item 1""]",406414,001,2026-04-14_16h58.29.167,DFv2,2026.1.1,Win32,59.88023952,,,,,,,,,,,,,,,,,,,,,,,,,,,,,,,,,,,,,,,,,,,,,,,,,,,,,,,,,,,,,,,,,,,,,,,,,,,,,,,,,,,,
,406414,001,2026-04-14_16h58.29.167,DFv2,2026.1.1,Win32,59.88023952,4,,23.5198,23.52,,,,,,,,,,,,,,,,,,,,,,,,,,,,,,,,,,,,,,,,,,,,,,,,,,,,,,,,,,,,,,,,,,,,,,,,,,,,,,,,
,406414,001,2026-04-14_16h58.29.167,DFv2,2026.1.1,Win32,59.88023952,,,,,23.5201,73.4965,space,49.9247,,,,,,,,,,,,,,,,,,,,,,,,,,,,,,,,,,,,,,,,,,,,,,,,,,,,,,,,,,,,,,,,,,,,,,,,,,,,
,406414,001,2026-04-14_16h58.29.167,DFv2,2026.1.1,Win32,59.88023952,,,,,,,,,,73.5823,78.9958,0,0,0,43,1,44,ORNATE,hard,old,R,,,,,,,,,,,,,,,,,,,,,,,,,,,,,,,,,,,,,,,,,,,,,,,,,,,,,,,,,,,,,,,
,406414,001,2026-04-14_16h58.29.167,DFv2,2026.1.1,Win32,59.88023952,,,,,,,,,,78.9981,84.4958,0,1,1,34,1,35,GARNER,hard,old,F,,,,,,,,,,,,,,,,,,,,,,,,,,,,,,,,,,,,,,,,,,,,,,,,,,,,,,,,,,,,,,,
,406414,001,2026-04-14_16h58.29.167,DFv2,2026.1.1,Win32,59.88023952,,,,,,,,,,84.4986,89.9962,0,2,2,4,1,5,QUEEN,easy,old,F,,,,,,,,,,,,,,,,,,,,,,,,,,,,,,,,,,,,,,,,,,,,,,,,,,,,,,,,,,,,,,,
,406414,001,2026-04-14_16h58.29.167,DFv2,2026.1.1,Win32,59.88023952,,,,,,,,,,89.9993,95.4967,0,3,3,12,1,13,CUTTING,easy,old,F,,,,,,,,,,,,,,,,,,,,,,,,,,,,,,,,,,,,,,,,,,,,,,,,,,,,,,,,,,,,,,,
,406414,001,2026-04-14_16h58.29.167,DFv2,2026.1.1,Win32,59.88023952,,,,,,,,,,95.5,100.9967,0,4,4,23,1,24,WAGON,easy,old,R,,,,,,,,,,,,,,,,,,,,,,,,,,,,,,,,,,,,,,,,,,,,,,,,,,,,,,,,,,,,,,,
,406414,001,2026-04-14_16h58.29.167,DFv2,2026.1.1,Win32,59.88023952,,,,,,,,,,100.9986,106.4969,0,5,5,21,1,22,SWITCH,easy,old,R,,,,,,,,,,,,,,,,,,,,,,,,,,,,,,,,,,,,,,,,,,,,,,,,,,,,,,,,,,,,,,,
,406414,001,2026-04-14_16h58.29.167,DFv2,2026.1.1,Win32,59.88023952,,,,,,,,,,106.4988,111.9974,0,6,6,27,1,28,CANDOR,hard,old,R,,,,,,,,,,,,,,,,,,,,,,,,,,,,,,,,,,,,,,,,,,,,,,,,,,,,,,,,,,,,,,,
,406414,001,2026-04-14_16h58.29.167,DFv2,2026.1.1,Win32,59.88023952,,,,,,,,,,111.999,117.4976,0,7,7,39,1,40,MYOPIC,hard,old,R,,,,,,,,,,,,,,,,,,,,,,,,,,,,,,,,,,,,,,,,,,,,,,,,,,,,,,,,,,,,,,,
,406414,001,2026-04-14_16h58.29.167,DFv2,2026.1.1,Win32,59.88023952,,,,,,,,,,117.5003,122.9978,0,8,8,14,1,15,LEGAL,easy,old,F,,,,,,,,,,,,,,,,,,,,,,,,,,,,,,,,,,,,,,,,,,,,,,,,,,,,,,,,,,,,,,,
,406414,001,2026-04-14_16h58.29.167,DFv2,2026.1.1,Win32,59.88023952,,,,,,,,,,122.9996,128.498,0,9,9,26,1,27,ASTUTE,hard,old,F,,,,,,,,,,,,,,,,,,,,,,,,,,,,,,,,,,,,,,,,,,,,,,,,,,,,,,,,,,,,,,,
,406414,001,2026-04-14_16h58.29.167,DFv2,2026.1.1,Win32,59.88023952,,,,,,,,,,128.4999,133.9984,0,10,10,20,1,21,FICTION,easy,old,F,,,,,,,,,,,,,,,,,,,,,,,,,,,,,,,,,,,,,,,,,,,,,,,,,,,,,,,,,,,,,,,
,406414,001,2026-04-14_16h58.29.167,DFv2,2026.1.1,Win32,59.88023952,,,,,,,,,,133.9998,139.499,0,11,11,0,1,1,DEPTH,easy,old,F,,,,,,,,,,,,,,,,,,,,,,,,,,,,,,,,,,,,,,,,,,,,,,,,,,,,,,,,,,,,,,,
,406414,001,2026-04-14_16h58.29.167,DFv2,2026.1.1,Win32,59.88023952,,,,,,,,,,139.5005,144.9986,0,12,12,22,1,23,GUARD,easy,old,F,,,,,,,,,,,,,,,,,,,,,,,,,,,,,,,,,,,,,,,,,,,,,,,,,,,,,,,,,,,,,,,
,406414,001,2026-04-14_16h58.29.167,DFv2,2026.1.1,Win32,59.88023952,,,,,,,,,,145.0008,150.4988,0,13,13,13,1,14,MASTER,easy,old,R,,,,,,,,,,,,,,,,,,,,,,,,,,,,,,,,,,,,,,,,,,,,,,,,,,,,,,,,,,,,,,,
,406414,001,2026-04-14_16h58.29.167,DFv2,2026.1.1,Win32,59.88023952,,,,,,,,,,150.5005,155.9993,0,14,14,45,1,46,PAUCITY,hard,old,R,,,,,,,,,,,,,,,,,,,,,,,,,,,,,,,,,,,,,,,,,,,,,,,,,,,,,,,,,,,,,,,
,406414,001,2026-04-14_16h58.29.167,DFv2,2026.1.1,Win32,59.88023952,,,,,,,,,,156.0013,161.4997,0,15,15,40,1,41,NASCENT,hard,old,F,,,,,,,,,,,,,,,,,,,,,,,,,,,,,,,,,,,,,,,,,,,,,,,,,,,,,,,,,,,,,,,
,406414,001,2026-04-14_16h58.29.167,DFv2,2026.1.1,Win32,59.88023952,,,,,,,,,,161.5017,166.9998,0,16,16,44,1,45,PATHOS,hard,old,F,,,,,,,,,,,,,,,,,,,,,,,,,,,,,,,,,,,,,,,,,,,,,,,,,,,,,,,,,,,,,,,
,406414,001,2026-04-14_16h58.29.167,DFv2,2026.1.1,Win32,59.88023952,,,,,,,,,,167.0017,172.5001,0,17,17,6,1,7,COOLING,easy,old,F,,,,,,,,,,,,,,,,,,,,,,,,,,,,,,,,,,,,,,,,,,,,,,,,,,,,,,,,,,,,,,,
,406414,001,2026-04-14_16h58.29.167,DFv2,2026.1.1,Win32,59.88023952,,,,,,,,,,172.5018,178.0003,0,18,18,42,1,43,OPULENT,hard,old,F,,,,,,,,,,,,,,,,,,,,,,,,,,,,,,,,,,,,,,,,,,,,,,,,,,,,,,,,,,,,,,,
,406414,001,2026-04-14_16h58.29.167,DFv2,2026.1.1,Win32,59.88023952,,,,,,,,,,178.0022,183.5002,0,19,19,28,1,29,COPIOUS,hard,old,F,,,,,,,,,,,,,,,,,,,,,,,,,,,,,,,,,,,,,,,,,,,,,,,,,,,,,,,,,,,,,,,
,406414,001,2026-04-14_16h58.29.167,DFv2,2026.1.1,Win32,59.88023952,,,,,,,,,,183.5019,189.0007,0,20,20,47,1,48,PROBITY,hard,old,R,,,,,,,,,,,,,,,,,,,,,,,,,,,,,,,,,,,,,,,,,,,,,,,,,,,,,,,,,,,,,,,
,406414,001,2026-04-14_16h58.29.167,DFv2,2026.1.1,Win32,59.88023952,,,,,,,,,,189.0026,194.4847,0,21,21,36,1,37,INSIPID,hard,old,F,,,,,,,,,,,,,,,,,,,,,,,,,,,,,,,,,,,,,,,,,,,,,,,,,,,,,,,,,,,,,,,
,406414,001,2026-04-14_16h58.29.167,DFv2,2026.1.1,Win32,59.88023952,,,,,,,,,,194.4863,200.0012,0,22,22,24,1,25,AFFABLE,hard,old,F,,,,,,,,,,,,,,,,,,,,,,,,,,,,,,,,,,,,,,,,,,,,,,,,,,,,,,,,,,,,,,,
,406414,001,2026-04-14_16h58.29.167,DFv2,2026.1.1,Win32,59.88023952,,,,,,,,,,200.0025,205.485,0,23,23,32,1,33,ESCHEW,hard,old,F,,,,,,,,,,,,,,,,,,,,,,,,,,,,,,,,,,,,,,,,,,,,,,,,,,,,,,,,,,,,,,,
,406414,001,2026-04-14_16h58.29.167,DFv2,2026.1.1,Win32,59.88023952,,,,,,,,,,205.4876,210.9855,0,24,24,33,1,34,FICKLE,hard,old,R,,,,,,,,,,,,,,,,,,,,,,,,,,,,,,,,,,,,,,,,,,,,,,,,,,,,,,,,,,,,,,,
,406414,001,2026-04-14_16h58.29.167,DFv2,2026.1.1,Win32,59.88023952,,,,,,,,,,210.9871,216.4855,0,25,25,3,1,4,SOMEHOW,easy,old,R,,,,,,,,,,,,,,,,,,,,,,,,,,,,,,,,,,,,,,,,,,,,,,,,,,,,,,,,,,,,,,,
,406414,001,2026-04-14_16h58.29.167,DFv2,2026.1.1,Win32,59.88023952,,,,,,,,,,216.4868,221.9858,0,26,26,19,1,20,MOTION,easy,old,R,,,,,,,,,,,,,,,,,,,,,,,,,,,,,,,,,,,,,,,,,,,,,,,,,,,,,,,,,,,,,,,
,406414,001,2026-04-14_16h58.29.167,DFv2,2026.1.1,Win32,59.88023952,,,,,,,,,,221.9875,227.4862,0,27,27,37,1,38,LAMENT,hard,old,R,,,,,,,,,,,,,,,,,,,,,,,,,,,,,,,,,,,,,,,,,,,,,,,,,,,,,,,,,,,,,,,
,406414,001,2026-04-14_16h58.29.167,DFv2,2026.1.1,Win32,59.88023952,,,,,,,,,,227.4879,232.9863,0,28,28,7,1,8,FARTHER,easy,old,R,,,,,,,,,,,,,,,,,,,,,,,,,,,,,,,,,,,,,,,,,,,,,,,,,,,,,,,,,,,,,,,
,406414,001,2026-04-14_16h58.29.167,DFv2,2026.1.1,Win32,59.88023952,,,,,,,,,,232.9885,238.4866,0,29,29,16,1,17,SUPPER,easy,old,F,,,,,,,,,,,,,,,,,,,,,,,,,,,,,,,,,,,,,,,,,,,,,,,,,,,,,,,,,,,,,,,
,406414,001,2026-04-14_16h58.29.167,DFv2,2026.1.1,Win32,59.88023952,,,,,,,,,,238.4882,243.9869,0,30,30,2,1,3,ASSUME,easy,old,F,,,,,,,,,,,,,,,,,,,,,,,,,,,,,,,,,,,,,,,,,,,,,,,,,,,,,,,,,,,,,,,
,406414,001,2026-04-14_16h58.29.167,DFv2,2026.1.1,Win32,59.88023952,,,,,,,,,,243.989,249.487,0,31,31,31,1,32,ENMITY,hard,old,R,,,,,,,,,,,,,,,,,,,,,,,,,,,,,,,,,,,,,,,,,,,,,,,,,,,,,,,,,,,,,,,
,406414,001,2026-04-14_16h58.29.167,DFv2,2026.1.1,Win32,59.88023952,,,,,,,,,,249.4893,254.9869,0,32,32,5,1,6,SPEECH,easy,old,R,,,,,,,,,,,,,,,,,,,,,,,,,,,,,,,,,,,,,,,,,,,,,,,,,,,,,,,,,,,,,,,
,406414,001,2026-04-14_16h58.29.167,DFv2,2026.1.1,Win32,59.88023952,,,,,,,,,,254.9885,260.4877,0,33,33,18,1,19,CULTURE,easy,old,F,,,,,,,,,,,,,,,,,,,,,,,,,,,,,,,,,,,,,,,,,,,,,,,,,,,,,,,,,,,,,,,
,406414,001,2026-04-14_16h58.29.167,DFv2,2026.1.1,Win32,59.88023952,,,,,,,,,,260.4895,265.9878,0,34,34,35,1,36,INANE,hard,old,R,,,,,,,,,,,,,,,,,,,,,,,,,,,,,,,,,,,,,,,,,,,,,,,,,,,,,,,,,,,,,,,
,406414,001,2026-04-14_16h58.29.167,DFv2,2026.1.1,Win32,59.88023952,,,,,,,,,,265.9896,271.4883,0,35,35,15,1,16,EXAMINE,easy,old,R,,,,,,,,,,,,,,,,,,,,,,,,,,,,,,,,,,,,,,,,,,,,,,,,,,,,,,,,,,,,,,,
,406414,001,2026-04-14_16h58.29.167,DFv2,2026.1.1,Win32,59.88023952,,,,,,,,,,271.4895,276.9883,0,36,36,9,1,10,LISTEN,easy,old,R,,,,,,,,,,,,,,,,,,,,,,,,,,,,,,,,,,,,,,,,,,,,,,,,,,,,,,,,,,,,,,,
,406414,001,2026-04-14_16h58.29.167,DFv2,2026.1.1,Win32,59.88023952,,,,,,,,,,276.9897,282.4881,0,37,37,1,1,2,CLOSER,easy,old,R,,,,,,,,,,,,,,,,,,,,,,,,,,,,,,,,,,,,,,,,,,,,,,,,,,,,,,,,,,,,,,,
,406414,001,2026-04-14_16h58.29.167,DFv2,2026.1.1,Win32,59.88023952,,,,,,,,,,282.4903,287.9891,0,38,38,30,1,31,DETER,hard,old,F,,,,,,,,,,,,,,,,,,,,,,,,,,,,,,,,,,,,,,,,,,,,,,,,,,,,,,,,,,,,,,,
,406414,001,2026-04-14_16h58.29.167,DFv2,2026.1.1,Win32,59.88023952,,,,,,,,,,287.991,293.4889,0,39,39,41,1,42,NUANCE,hard,old,R,,,,,,,,,,,,,,,,,,,,,,,,,,,,,,,,,,,,,,,,,,,,,,,,,,,,,,,,,,,,,,,
,406414,001,2026-04-14_16h58.29.167,DFv2,2026.1.1,Win32,59.88023952,,,,,,,,,,293.4904,298.9897,0,40,40,17,1,18,RURAL,easy,old,R,,,,,,,,,,,,,,,,,,,,,,,,,,,,,,,,,,,,,,,,,,,,,,,,,,,,,,,,,,,,,,,
,406414,001,2026-04-14_16h58.29.167,DFv2,2026.1.1,Win32,59.88023952,,,,,,,,,,298.9912,304.4894,0,41,41,11,1,12,LIBERTY,easy,old,R,,,,,,,,,,,,,,,,,,,,,,,,,,,,,,,,,,,,,,,,,,,,,,,,,,,,,,,,,,,,,,,
,406414,001,2026-04-14_16h58.29.167,DFv2,2026.1.1,Win32,59.88023952,,,,,,,,,,304.4913,309.9901,0,42,42,8,1,9,COATING,easy,old,F,,,,,,,,,,,,,,,,,,,,,,,,,,,,,,,,,,,,,,,,,,,,,,,,,,,,,,,,,,,,,,,
,406414,001,2026-04-14_16h58.29.167,DFv2,2026.1.1,Win32,59.88023952,,,,,,,,,,309.9921,315.4904,0,43,43,29,1,30,DEPLORE,hard,old,R,,,,,,,,,,,,,,,,,,,,,,,,,,,,,,,,,,,,,,,,,,,,,,,,,,,,,,,,,,,,,,,
,406414,001,2026-04-14_16h58.29.167,DFv2,2026.1.1,Win32,59.88023952,,,,,,,,,,315.4927,320.9906,0,44,44,10,1,11,THREW,easy,old,F,,,,,,,,,,,,,,,,,,,,,,,,,,,,,,,,,,,,,,,,,,,,,,,,,,,,,,,,,,,,,,,
,406414,001,2026-04-14_16h58.29.167,DFv2,2026.1.1,Win32,59.88023952,,,,,,,,,,320.9925,326.4908,0,45,45,38,1,39,LEVITY,hard,old,F,,,,,,,,,,,,,,,,,,,,,,,,,,,,,,,,,,,,,,,,,,,,,,,,,,,,,,,,,,,,,,,
,406414,001,2026-04-14_16h58.29.167,DFv2,2026.1.1,Win32,59.88023952,,,,,,,,,,326.4927,331.9913,0,46,46,25,1,26,AMPLIFY,hard,old,R,,,,,,,,,,,,,,,,,,,,,,,,,,,,,,,,,,,,,,,,,,,,,,,,,,,,,,,,,,,,,,,
,406414,001,2026-04-14_16h58.29.167,DFv2,2026.1.1,Win32,59.88023952,,,,,,,,,,331.9939,337.4911,0,47,47,46,1,47,PENSIVE,hard,old,F,,,,,,,,,,,,,,,,,,,,,,,,,,,,,,,,,,,,,,,,,,,,,,,,,,,,,,,,,,,,,,,
,406414,001,2026-04-14_16h58.29.167,DFv2,2026.1.1,Win32,59.88023952,,,,,,,,,,,,,,,,,,,,,,337.4916,366.5956,space,29.0832,,,,,,,,,,,,,,,,,,,,,,,,,,,,,,,,,,,,,,,,,,,,,,,,,,,,,,,,,,,
,406414,001,2026-04-14_16h58.29.167,DFv2,2026.1.1,Win32,59.88023952,,,,,,,,,,,,,,,,,48,REBUKE,hard,,,,,,,,366.6124,370.3096,m,2.6559,,0,0,0,47,1,2,,,,,,,,,,,,,,,,,,,,,,,,,,,,,,,,,,,,,,,,,,,,,,,
,406414,001,2026-04-14_16h58.29.167,DFv2,2026.1.1,Win32,59.88023952,,,,,,,,,,,,,,,,,35,BANAL,hard,,,,,,,,370.3114,372.6598,m,1.3139,,0,1,1,34,1,2,,,,,,,,,,,,,,,,,,,,,,,,,,,,,,,,,,,,,,,,,,,,,,,
,406414,001,2026-04-14_16h58.29.167,DFv2,2026.1.1,Win32,59.88023952,,,,,,,,,,,,,,,,,75,ASTUTE,hard,,,,,,,,372.6612,374.8764,z,1.1809,,0,2,2,74,1,1,,,,,,,,,,,,,,,,,,,,,,,,,,,,,,,,,,,,,,,,,,,,,,,
,406414,001,2026-04-14_16h58.29.167,DFv2,2026.1.1,Win32,59.88023952,,,,,,,,,,,,,,,,,44,PARAGON,hard,,,,,,,,374.8777,376.927,m,1.015,,0,3,3,43,1,2,,,,,,,,,,,,,,,,,,,,,,,,,,,,,,,,,,,,,,,,,,,,,,,
,406414,001,2026-04-14_16h58.29.167,DFv2,2026.1.1,Win32,59.88023952,,,,,,,,,,,,,,,,,37,AVARICE,hard,,,,,,,,376.9283,379.093,m,1.1354,,0,4,4,36,1,2,,,,,,,,,,,,,,,,,,,,,,,,,,,,,,,,,,,,,,,,,,,,,,,
,406414,001,2026-04-14_16h58.29.167,DFv2,2026.1.1,Win32,59.88023952,,,,,,,,,,,,,,,,,28,REFUTE,hard,,,,,,,,379.0946,381.0263,z,0.907,,0,5,5,27,1,1,,,,,,,,,,,,,,,,,,,,,,,,,,,,,,,,,,,,,,,,,,,,,,,
,406414,001,2026-04-14_16h58.29.167,DFv2,2026.1.1,Win32,59.88023952,,,,,,,,,,,,,,,,,2,SOFTLY,easy,,,,,,,,381.0276,383.0106,m,0.948,,0,6,6,1,1,31,,,,,,,,,,,,,,,,,,,,,,,,,,,,,,,,,,,,,,,,,,,,,,,
,406414,001,2026-04-14_16h58.29.167,DFv2,2026.1.1,Win32,59.88023952,,,,,,,,,,,,,,,,,59,THREW,easy,,,,,,,,383.0117,385.3932,m,1.3487,,0,7,7,58,1,46,,,,,,,,,,,,,,,,,,,,,,,,,,,,,,,,,,,,,,,,,,,,,,,
,406414,001,2026-04-14_16h58.29.167,DFv2,2026.1.1,Win32,59.88023952,,,,,,,,,,,,,,,,,58,LISTEN,easy,,,,,,,,385.3946,387.427,z,0.9996,,0,8,8,57,1,51,,,,,,,,,,,,,,,,,,,,,,,,,,,,,,,,,,,,,,,,,,,,,,,
,406414,001,2026-04-14_16h58.29.167,DFv2,2026.1.1,Win32,59.88023952,,,,,,,,,,,,,,,,,94,PAUCITY,hard,,,,,,,,387.4283,389.3272,z,0.8649,,0,9,9,93,1,1,,,,,,,,,,,,,,,,,,,,,,,,,,,,,,,,,,,,,,,,,,,,,,,
,406414,001,2026-04-14_16h58.29.167,DFv2,2026.1.1,Win32,59.88023952,,,,,,,,,,,,,,,,,68,MOTION,easy,,,,,,,,389.3289,391.244,z,0.882,,0,10,10,67,1,55,,,,,,,,,,,,,,,,,,,,,,,,,,,,,,,,,,,,,,,,,,,,,,,
,406414,001,2026-04-14_16h58.29.167,DFv2,2026.1.1,Win32,59.88023952,,,,,,,,,,,,,,,,,54,SPEECH,easy,,,,,,,,391.2456,393.0434,z,0.7649,,0,11,11,53,1,61,,,,,,,,,,,,,,,,,,,,,,,,,,,,,,,,,,,,,,,,,,,,,,,
,406414,001,2026-04-14_16h58.29.167,DFv2,2026.1.1,Win32,59.88023952,,,,,,,,,,,,,,,,,45,PROFUSE,hard,,,,,,,,393.0447,396.3275,m,2.2679,,0,12,12,44,1,2,,,,,,,,,,,,,,,,,,,,,,,,,,,,,,,,,,,,,,,,,,,,,,,
,406414,001,2026-04-14_16h58.29.167,DFv2,2026.1.1,Win32,59.88023952,,,,,,,,,,,,,,,,,76,CANDOR,hard,,,,,,,,396.3286,398.194,z,0.8294,,0,13,13,75,1,1,,,,,,,,,,,,,,,,,,,,,,,,,,,,,,,,,,,,,,,,,,,,,,,
,406414,001,2026-04-14_16h58.29.167,DFv2,2026.1.1,Win32,59.88023952,,,,,,,,,,,,,,,,,66,RURAL,easy,,,,,,,,398.1953,400.0939,z,0.8647,,0,14,14,65,1,54,,,,,,,,,,,,,,,,,,,,,,,,,,,,,,,,,,,,,,,,,,,,,,,
,406414,001,2026-04-14_16h58.29.167,DFv2,2026.1.1,Win32,59.88023952,,,,,,,,,,,,,,,,,63,LEGAL,easy,,,,,,,,400.0956,402.0444,z,0.916,,0,15,15,62,1,72,,,,,,,,,,,,,,,,,,,,,,,,,,,,,,,,,,,,,,,,,,,,,,,
,406414,001,2026-04-14_16h58.29.167,DFv2,2026.1.1,Win32,59.88023952,,,,,,,,,,,,,,,,,73,AFFABLE,hard,,,,,,,,402.0457,404.0445,z,0.9647,,0,16,16,72,1,1,,,,,,,,,,,,,,,,,,,,,,,,,,,,,,,,,,,,,,,,,,,,,,,
,406414,001,2026-04-14_16h58.29.167,DFv2,2026.1.1,Win32,59.88023952,,,,,,,,,,,,,,,,,8,SERVING,easy,,,,,,,,404.0459,406.4116,m,1.3321,,0,17,17,7,1,38,,,,,,,,,,,,,,,,,,,,,,,,,,,,,,,,,,,,,,,,,,,,,,,
,406414,001,2026-04-14_16h58.29.167,DFv2,2026.1.1,Win32,59.88023952,,,,,,,,,,,,,,,,,5,PARTNER,easy,,,,,,,,406.4131,408.761,m,1.3206,,0,18,18,4,1,32,,,,,,,,,,,,,,,,,,,,,,,,,,,,,,,,,,,,,,,,,,,,,,,
,406414,001,2026-04-14_16h58.29.167,DFv2,2026.1.1,Win32,59.88023952,,,,,,,,,,,,,,,,,13,WEATHER,easy,,,,,,,,408.7626,410.7282,m,0.9363,,0,19,19,12,1,69,,,,,,,,,,,,,,,,,,,,,,,,,,,,,,,,,,,,,,,,,,,,,,,
,406414,001,2026-04-14_16h58.29.167,DFv2,2026.1.1,Win32,59.88023952,,,,,,,,,,,,,,,,,38,COERCE,hard,,,,,,,,410.73,412.7114,m,0.9492,,0,20,20,37,1,2,,,,,,,,,,,,,,,,,,,,,,,,,,,,,,,,,,,,,,,,,,,,,,,
,406414,001,2026-04-14_16h58.29.167,DFv2,2026.1.1,Win32,59.88023952,,,,,,,,,,,,,,,,,67,CULTURE,easy,,,,,,,,412.7127,414.5612,m,0.837,,0,21,21,66,1,58,,,,,,,,,,,,,,,,,,,,,,,,,,,,,,,,,,,,,,,,,,,,,,,
,406414,001,2026-04-14_16h58.29.167,DFv2,2026.1.1,Win32,59.88023952,,,,,,,,,,,,,,,,,12,BELIEF,easy,,,,,,,,414.5627,416.8784,m,1.2819,,0,22,22,11,1,64,,,,,,,,,,,,,,,,,,,,,,,,,,,,,,,,,,,,,,,,,,,,,,,
,406414,001,2026-04-14_16h58.29.167,DFv2,2026.1.1,Win32,59.88023952,,,,,,,,,,,,,,,,,17,SUDDEN,easy,,,,,,,,416.8797,419.128,m,1.2146,,0,23,23,16,1,38,,,,,,,,,,,,,,,,,,,,,,,,,,,,,,,,,,,,,,,,,,,,,,,
,406414,001,2026-04-14_16h58.29.167,DFv2,2026.1.1,Win32,59.88023952,,,,,,,,,,,,,,,,,26,PUERILE,hard,,,,,,,,419.1294,421.0117,m,0.8481,,0,24,24,25,1,1,,,,,,,,,,,,,,,,,,,,,,,,,,,,,,,,,,,,,,,,,,,,,,,
,406414,001,2026-04-14_16h58.29.167,DFv2,2026.1.1,Win32,59.88023952,,,,,,,,,,,,,,,,,91,OPULENT,hard,,,,,,,,421.0131,422.8621,z,0.8146,,0,25,25,90,1,1,,,,,,,,,,,,,,,,,,,,,,,,,,,,,,,,,,,,,,,,,,,,,,,
,406414,001,2026-04-14_16h58.29.167,DFv2,2026.1.1,Win32,59.88023952,,,,,,,,,,,,,,,,,1,LEADER,easy,,,,,,,,422.8634,424.8288,m,0.9352,,0,26,26,0,1,74,,,,,,,,,,,,,,,,,,,,,,,,,,,,,,,,,,,,,,,,,,,,,,,
,406414,001,2026-04-14_16h58.29.167,DFv2,2026.1.1,Win32,59.88023952,,,,,,,,,,,,,,,,,57,COATING,easy,,,,,,,,424.8302,426.6787,z,0.8201,,0,27,27,56,1,36,,,,,,,,,,,,,,,,,,,,,,,,,,,,,,,,,,,,,,,,,,,,,,,
,406414,001,2026-04-14_16h58.29.167,DFv2,2026.1.1,Win32,59.88023952,,,,,,,,,,,,,,,,,65,SUPPER,easy,,,,,,,,426.6799,428.6959,m,0.9867,,0,28,28,64,1,37,,,,,,,,,,,,,,,,,,,,,,,,,,,,,,,,,,,,,,,,,,,,,,,
,406414,001,2026-04-14_16h58.29.167,DFv2,2026.1.1,Win32,59.88023952,,,,,,,,,,,,,,,,,95,PENSIVE,hard,,,,,,,,428.6974,430.5453,z,0.8147,,0,29,29,94,1,1,,,,,,,,,,,,,,,,,,,,,,,,,,,,,,,,,,,,,,,,,,,,,,,
,406414,001,2026-04-14_16h58.29.167,DFv2,2026.1.1,Win32,59.88023952,,,,,,,,,,,,,,,,,29,REMORSE,hard,,,,,,,,430.5466,432.5624,m,0.9845,,0,30,30,28,1,1,,,,,,,,,,,,,,,,,,,,,,,,,,,,,,,,,,,,,,,,,,,,,,,
,406414,001,2026-04-14_16h58.29.167,DFv2,2026.1.1,Win32,59.88023952,,,,,,,,,,,,,,,,,64,EXAMINE,easy,,,,,,,,432.5639,434.546,z,0.9476,,0,31,31,63,1,33,,,,,,,,,,,,,,,,,,,,,,,,,,,,,,,,,,,,,,,,,,,,,,,
,406414,001,2026-04-14_16h58.29.167,DFv2,2026.1.1,Win32,59.88023952,,,,,,,,,,,,,,,,,56,FARTHER,easy,,,,,,,,434.5474,436.6294,z,1.0488,,0,32,32,55,1,32,,,,,,,,,,,,,,,,,,,,,,,,,,,,,,,,,,,,,,,,,,,,,,,
,406414,001,2026-04-14_16h58.29.167,DFv2,2026.1.1,Win32,59.88023952,,,,,,,,,,,,,,,,,52,SOMEHOW,easy,,,,,,,,436.6309,438.9957,z,1.3321,,0,33,33,51,1,72,,,,,,,,,,,,,,,,,,,,,,,,,,,,,,,,,,,,,,,,,,,,,,,
,406414,001,2026-04-14_16h58.29.167,DFv2,2026.1.1,Win32,59.88023952,,,,,,,,,,,,,,,,,93,PATHOS,hard,,,,,,,,438.9971,440.7628,z,0.7473,,0,34,34,92,1,1,,,,,,,,,,,,,,,,,,,,,,,,,,,,,,,,,,,,,,,,,,,,,,,
,406414,001,2026-04-14_16h58.29.167,DFv2,2026.1.1,Win32,59.88023952,,,,,,,,,,,,,,,,,24,LEADING,easy,,,,,,,,440.7641,443.4462,m,1.6495,,0,35,35,23,1,68,,,,,,,,,,,,,,,,,,,,,,,,,,,,,,,,,,,,,,,,,,,,,,,
,406414,001,2026-04-14_16h58.29.167,DFv2,2026.1.1,Win32,59.88023952,,,,,,,,,,,,,,,,,4,RIDING,easy,,,,,,,,443.4472,445.3799,m,0.8998,,0,36,36,3,1,45,,,,,,,,,,,,,,,,,,,,,,,,,,,,,,,,,,,,,,,,,,,,,,,
,406414,001,2026-04-14_16h58.29.167,DFv2,2026.1.1,Win32,59.88023952,,,,,,,,,,,,,,,,,39,EPITOME,hard,,,,,,,,445.3814,447.5134,m,1.0983,,0,37,37,38,1,2,,,,,,,,,,,,,,,,,,,,,,,,,,,,,,,,,,,,,,,,,,,,,,,
,406414,001,2026-04-14_16h58.29.167,DFv2,2026.1.1,Win32,59.88023952,,,,,,,,,,,,,,,,,3,ADDRESS,easy,,,,,,,,447.5149,449.9303,m,1.3869,,0,38,38,2,1,77,,,,,,,,,,,,,,,,,,,,,,,,,,,,,,,,,,,,,,,,,,,,,,,
,406414,001,2026-04-14_16h58.29.167,DFv2,2026.1.1,Win32,59.88023952,,,,,,,,,,,,,,,,,31,SEMINAL,hard,,,,,,,,449.9315,452.464,m,1.4986,,0,39,39,30,1,1,,,,,,,,,,,,,,,,,,,,,,,,,,,,,,,,,,,,,,,,,,,,,,,
,406414,001,2026-04-14_16h58.29.167,DFv2,2026.1.1,Win32,59.88023952,,,,,,,,,,,,,,,,,16,REGION,easy,,,,,,,,452.4653,457.914,m,4.4156,,0,40,40,15,1,76,,,,,,,,,,,,,,,,,,,,,,,,,,,,,,,,,,,,,,,,,,,,,,,
,406414,001,2026-04-14_16h58.29.167,DFv2,2026.1.1,Win32,59.88023952,,,,,,,,,,,,,,,,,14,GRAVE,easy,,,,,,,,457.9153,459.8805,m,0.9314,,0,41,41,13,1,33,,,,,,,,,,,,,,,,,,,,,,,,,,,,,,,,,,,,,,,,,,,,,,,
,406414,001,2026-04-14_16h58.29.167,DFv2,2026.1.1,Win32,59.88023952,,,,,,,,,,,,,,,,,92,ORNATE,hard,,,,,,,,459.8819,461.6639,z,0.7644,,0,42,42,91,1,1,,,,,,,,,,,,,,,,,,,,,,,,,,,,,,,,,,,,,,,,,,,,,,,
,406414,001,2026-04-14_16h58.29.167,DFv2,2026.1.1,Win32,59.88023952,,,,,,,,,,,,,,,,,40,INEPT,hard,,,,,,,,461.6654,463.764,z,1.0686,,0,43,43,39,1,2,,,,,,,,,,,,,,,,,,,,,,,,,,,,,,,,,,,,,,,,,,,,,,,
,406414,001,2026-04-14_16h58.29.167,DFv2,2026.1.1,Win32,59.88023952,,,,,,,,,,,,,,,,,55,COOLING,easy,,,,,,,,463.7657,465.7477,m,0.9481,,0,44,44,54,1,41,,,,,,,,,,,,,,,,,,,,,,,,,,,,,,,,,,,,,,,,,,,,,,,
,406414,001,2026-04-14_16h58.29.167,DFv2,2026.1.1,Win32,59.88023952,,,,,,,,,,,,,,,,,74,AMPLIFY,hard,,,,,,,,465.749,469.1639,z,2.3903,,0,45,45,73,1,1,,,,,,,,,,,,,,,,,,,,,,,,,,,,,,,,,,,,,,,,,,,,,,,
,406414,001,2026-04-14_16h58.29.167,DFv2,2026.1.1,Win32,59.88023952,,,,,,,,,,,,,,,,,77,COPIOUS,hard,,,,,,,,469.1655,471.2642,z,1.0692,,0,46,46,76,1,1,,,,,,,,,,,,,,,,,,,,,,,,,,,,,,,,,,,,,,,,,,,,,,,
,406414,001,2026-04-14_16h58.29.167,DFv2,2026.1.1,Win32,59.88023952,,,,,,,,,,,,,,,,,9,SOLDIER,easy,,,,,,,,471.266,473.7141,m,1.4145,,0,47,47,8,1,39,,,,,,,,,,,,,,,,,,,,,,,,,,,,,,,,,,,,,,,,,,,,,,,
,406414,001,2026-04-14_16h58.29.167,DFv2,2026.1.1,Win32,59.88023952,,,,,,,,,,,,,,,,,36,APPEASE,hard,,,,,,,,473.7151,475.5147,m,0.7652,,0,48,48,35,1,2,,,,,,,,,,,,,,,,,,,,,,,,,,,,,,,,,,,,,,,,,,,,,,,
,406414,001,2026-04-14_16h58.29.167,DFv2,2026.1.1,Win32,59.88023952,,,,,,,,,,,,,,,,,88,MYOPIC,hard,,,,,,,,475.5159,477.6647,z,1.1162,,0,49,49,87,1,1,,,,,,,,,,,,,,,,,,,,,,,,,,,,,,,,,,,,,,,,,,,,,,,
,406414,001,2026-04-14_16h58.29.167,DFv2,2026.1.1,Win32,59.88023952,,,,,,,,,,,,,,,,,70,SWITCH,easy,,,,,,,,477.6664,479.8143,z,1.1174,,0,50,50,69,1,43,,,,,,,,,,,,,,,,,,,,,,,,,,,,,,,,,,,,,,,,,,,,,,,
,406414,001,2026-04-14_16h58.29.167,DFv2,2026.1.1,Win32,59.88023952,,,,,,,,,,,,,,,,,87,LEVITY,hard,,,,,,,,479.8158,481.9818,m,1.1323,,0,51,51,86,1,1,,,,,,,,,,,,,,,,,,,,,,,,,,,,,,,,,,,,,,,,,,,,,,,
,406414,001,2026-04-14_16h58.29.167,DFv2,2026.1.1,Win32,59.88023952,,,,,,,,,,,,,,,,,41,LIBEL,hard,,,,,,,,481.9832,483.8647,m,0.8501,,0,52,52,40,1,2,,,,,,,,,,,,,,,,,,,,,,,,,,,,,,,,,,,,,,,,,,,,,,,
,406414,001,2026-04-14_16h58.29.167,DFv2,2026.1.1,Win32,59.88023952,,,,,,,,,,,,,,,,,20,BURNING,easy,,,,,,,,483.8661,485.5648,m,0.6741,,0,53,53,19,1,50,,,,,,,,,,,,,,,,,,,,,,,,,,,,,,,,,,,,,,,,,,,,,,,
,406414,001,2026-04-14_16h58.29.167,DFv2,2026.1.1,Win32,59.88023952,,,,,,,,,,,,,,,,,86,LAMENT,hard,,,,,,,,485.5659,487.5845,z,0.9894,,0,54,54,85,1,1,,,,,,,,,,,,,,,,,,,,,,,,,,,,,,,,,,,,,,,,,,,,,,,
,406414,001,2026-04-14_16h58.29.167,DFv2,2026.1.1,Win32,59.88023952,,,,,,,,,,,,,,,,,18,FLIGHT,easy,,,,,,,,487.5856,489.6482,m,1.0308,,0,55,55,17,1,46,,,,,,,,,,,,,,,,,,,,,,,,,,,,,,,,,,,,,,,,,,,,,,,
,406414,001,2026-04-14_16h58.29.167,DFv2,2026.1.1,Win32,59.88023952,,,,,,,,,,,,,,,,,89,NASCENT,hard,,,,,,,,489.65,491.6818,z,0.9987,,0,56,56,88,1,1,,,,,,,,,,,,,,,,,,,,,,,,,,,,,,,,,,,,,,,,,,,,,,,
,406414,001,2026-04-14_16h58.29.167,DFv2,2026.1.1,Win32,59.88023952,,,,,,,,,,,,,,,,,27,RATIFY,hard,,,,,,,,491.6835,493.4985,m,0.785,,0,57,57,26,1,1,,,,,,,,,,,,,,,,,,,,,,,,,,,,,,,,,,,,,,,,,,,,,,,
,406414,001,2026-04-14_16h58.29.167,DFv2,2026.1.1,Win32,59.88023952,,,,,,,,,,,,,,,,,53,QUEEN,easy,,,,,,,,493.5001,495.2987,z,0.765,,0,58,58,52,1,41,,,,,,,,,,,,,,,,,,,,,,,,,,,,,,,,,,,,,,,,,,,,,,,
,406414,001,2026-04-14_16h58.29.167,DFv2,2026.1.1,Win32,59.88023952,,,,,,,,,,,,,,,,,23,DECLINE,easy,,,,,,,,495.3003,498.1151,m,1.7879,,0,59,59,22,1,31,,,,,,,,,,,,,,,,,,,,,,,,,,,,,,,,,,,,,,,,,,,,,,,
,406414,001,2026-04-14_16h58.29.167,DFv2,2026.1.1,Win32,59.88023952,,,,,,,,,,,,,,,,,81,ESCHEW,hard,,,,,,,,498.1162,500.4491,z,1.3147,,0,60,60,80,1,1,,,,,,,,,,,,,,,,,,,,,,,,,,,,,,,,,,,,,,,,,,,,,,,
,406414,001,2026-04-14_16h58.29.167,DFv2,2026.1.1,Win32,59.88023952,,,,,,,,,,,,,,,,,43,PACIFY,hard,,,,,,,,500.4505,502.3154,m,0.8309,,0,61,61,42,1,2,,,,,,,,,,,,,,,,,,,,,,,,,,,,,,,,,,,,,,,,,,,,,,,
,406414,001,2026-04-14_16h58.29.167,DFv2,2026.1.1,Win32,59.88023952,,,,,,,,,,,,,,,,,46,PROSAIC,hard,,,,,,,,502.3169,504.8822,m,1.5398,,0,62,62,45,1,2,,,,,,,,,,,,,,,,,,,,,,,,,,,,,,,,,,,,,,,,,,,,,,,
,406414,001,2026-04-14_16h58.29.167,DFv2,2026.1.1,Win32,59.88023952,,,,,,,,,,,,,,,,,90,NUANCE,hard,,,,,,,,504.8837,508.4168,z,2.4989,,0,63,63,89,1,1,,,,,,,,,,,,,,,,,,,,,,,,,,,,,,,,,,,,,,,,,,,,,,,
,406414,001,2026-04-14_16h58.29.167,DFv2,2026.1.1,Win32,59.88023952,,,,,,,,,,,,,,,,,32,SQUALID,hard,,,,,,,,508.4182,510.2494,m,0.7993,,0,64,64,31,1,1,,,,,,,,,,,,,,,,,,,,,,,,,,,,,,,,,,,,,,,,,,,,,,,
,406414,001,2026-04-14_16h58.29.167,DFv2,2026.1.1,Win32,59.88023952,,,,,,,,,,,,,,,,,49,DEPTH,easy,,,,,,,,510.2509,512.0497,m,0.7656,,0,65,65,48,1,53,,,,,,,,,,,,,,,,,,,,,,,,,,,,,,,,,,,,,,,,,,,,,,,
,406414,001,2026-04-14_16h58.29.167,DFv2,2026.1.1,Win32,59.88023952,,,,,,,,,,,,,,,,,69,FICTION,easy,,,,,,,,512.0512,514.1996,m,1.1148,,0,66,66,68,1,46,,,,,,,,,,,,,,,,,,,,,,,,,,,,,,,,,,,,,,,,,,,,,,,
,406414,001,2026-04-14_16h58.29.167,DFv2,2026.1.1,Win32,59.88023952,,,,,,,,,,,,,,,,,22,ENTER,easy,,,,,,,,514.201,515.8998,m,0.6684,,0,67,67,21,1,78,,,,,,,,,,,,,,,,,,,,,,,,,,,,,,,,,,,,,,,,,,,,,,,
,406414,001,2026-04-14_16h58.29.167,DFv2,2026.1.1,Win32,59.88023952,,,,,,,,,,,,,,,,,30,REPLETE,hard,,,,,,,,515.9013,517.7332,m,0.7982,,0,68,68,29,1,1,,,,,,,,,,,,,,,,,,,,,,,,,,,,,,,,,,,,,,,,,,,,,,,
,406414,001,2026-04-14_16h58.29.167,DFv2,2026.1.1,Win32,59.88023952,,,,,,,,,,,,,,,,,34,AMIABLE,hard,,,,,,,,517.7347,519.5668,m,0.7966,,0,69,69,33,1,2,,,,,,,,,,,,,,,,,,,,,,,,,,,,,,,,,,,,,,,,,,,,,,,
,406414,001,2026-04-14_16h58.29.167,DFv2,2026.1.1,Win32,59.88023952,,,,,,,,,,,,,,,,,62,MASTER,easy,,,,,,,,519.5683,521.3164,z,0.7353,,0,70,70,61,1,72,,,,,,,,,,,,,,,,,,,,,,,,,,,,,,,,,,,,,,,,,,,,,,,
,406414,001,2026-04-14_16h58.29.167,DFv2,2026.1.1,Win32,59.88023952,,,,,,,,,,,,,,,,,83,GARNER,hard,,,,,,,,521.3177,526.167,z,3.8153,,0,71,71,82,1,1,,,,,,,,,,,,,,,,,,,,,,,,,,,,,,,,,,,,,,,,,,,,,,,
,406414,001,2026-04-14_16h58.29.167,DFv2,2026.1.1,Win32,59.88023952,,,,,,,,,,,,,,,,,71,GUARD,easy,,,,,,,,526.1687,528.6004,m,1.3977,,0,72,72,70,1,48,,,,,,,,,,,,,,,,,,,,,,,,,,,,,,,,,,,,,,,,,,,,,,,
,406414,001,2026-04-14_16h58.29.167,DFv2,2026.1.1,Win32,59.88023952,,,,,,,,,,,,,,,,,7,SLIGHT,easy,,,,,,,,528.6018,530.6006,m,0.9637,,0,73,73,6,1,53,,,,,,,,,,,,,,,,,,,,,,,,,,,,,,,,,,,,,,,,,,,,,,,
,406414,001,2026-04-14_16h58.29.167,DFv2,2026.1.1,Win32,59.88023952,,,,,,,,,,,,,,,,,78,DEPLORE,hard,,,,,,,,530.602,532.3339,m,0.6992,,0,74,74,77,1,1,,,,,,,,,,,,,,,,,,,,,,,,,,,,,,,,,,,,,,,,,,,,,,,
,406414,001,2026-04-14_16h58.29.167,DFv2,2026.1.1,Win32,59.88023952,,,,,,,,,,,,,,,,,25,PROFANE,hard,,,,,,,,532.3354,534.5006,m,1.1315,,0,75,75,24,1,1,,,,,,,,,,,,,,,,,,,,,,,,,,,,,,,,,,,,,,,,,,,,,,,
,406414,001,2026-04-14_16h58.29.167,DFv2,2026.1.1,Win32,59.88023952,,,,,,,,,,,,,,,,,60,LIBERTY,easy,,,,,,,,534.5019,536.2844,z,0.7476,,0,76,76,59,1,46,,,,,,,,,,,,,,,,,,,,,,,,,,,,,,,,,,,,,,,,,,,,,,,
,406414,001,2026-04-14_16h58.29.167,DFv2,2026.1.1,Win32,59.88023952,,,,,,,,,,,,,,,,,15,EMPTY,easy,,,,,,,,536.2861,538.3173,m,0.9975,,0,77,77,14,1,64,,,,,,,,,,,,,,,,,,,,,,,,,,,,,,,,,,,,,,,,,,,,,,,
,406414,001,2026-04-14_16h58.29.167,DFv2,2026.1.1,Win32,59.88023952,,,,,,,,,,,,,,,,,80,ENMITY,hard,,,,,,,,538.319,541.3506,m,2.0055,,0,78,78,79,1,1,,,,,,,,,,,,,,,,,,,,,,,,,,,,,,,,,,,,,,,,,,,,,,,
,406414,001,2026-04-14_16h58.29.167,DFv2,2026.1.1,Win32,59.88023952,,,,,,,,,,,,,,,,,72,WAGON,easy,,,,,,,,541.3519,543.2679,z,0.881,,0,79,79,71,1,1,,,,,,,,,,,,,,,,,,,,,,,,,,,,,,,,,,,,,,,,,,,,,,,
,406414,001,2026-04-14_16h58.29.167,DFv2,2026.1.1,Win32,59.88023952,,,,,,,,,,,,,,,,,47,PRUDENT,hard,,,,,,,,543.2692,546.0341,m,1.7405,,0,80,80,46,1,2,,,,,,,,,,,,,,,,,,,,,,,,,,,,,,,,,,,,,,,,,,,,,,,
,406414,001,2026-04-14_16h58.29.167,DFv2,2026.1.1,Win32,59.88023952,,,,,,,,,,,,,,,,,61,CUTTING,easy,,,,,,,,546.036,548.0343,m,0.9693,,0,81,81,60,1,66,,,,,,,,,,,,,,,,,,,,,,,,,,,,,,,,,,,,,,,,,,,,,,,
,406414,001,2026-04-14_16h58.29.167,DFv2,2026.1.1,Win32,59.88023952,,,,,,,,,,,,,,,,,33,TORPID,hard,,,,,,,,548.0357,549.7182,m,0.6524,,0,82,82,32,1,1,,,,,,,,,,,,,,,,,,,,,,,,,,,,,,,,,,,,,,,,,,,,,,,
,406414,001,2026-04-14_16h58.29.167,DFv2,2026.1.1,Win32,59.88023952,,,,,,,,,,,,,,,,,42,MOLLIFY,hard,,,,,,,,549.7202,551.4353,m,0.6811,,0,83,83,41,1,2,,,,,,,,,,,,,,,,,,,,,,,,,,,,,,,,,,,,,,,,,,,,,,,
,406414,001,2026-04-14_16h58.29.167,DFv2,2026.1.1,Win32,59.88023952,,,,,,,,,,,,,,,,,50,CLOSER,easy,,,,,,,,551.4365,553.3846,m,0.9245,,0,84,84,49,1,61,,,,,,,,,,,,,,,,,,,,,,,,,,,,,,,,,,,,,,,,,,,,,,,
,406414,001,2026-04-14_16h58.29.167,DFv2,2026.1.1,Win32,59.88023952,,,,,,,,,,,,,,,,,84,INANE,hard,,,,,,,,553.3855,555.918,m,1.5032,,0,85,85,83,1,1,,,,,,,,,,,,,,,,,,,,,,,,,,,,,,,,,,,,,,,,,,,,,,,
,406414,001,2026-04-14_16h58.29.167,DFv2,2026.1.1,Win32,59.88023952,,,,,,,,,,,,,,,,,96,PROBITY,hard,,,,,,,,555.9192,557.6859,z,0.7318,,0,86,86,95,1,,,,,,,,,,,,,,,,,,,,,,,,,,,,,,,,,,,,,,,,,,,,,,,,
,406414,001,2026-04-14_16h58.29.167,DFv2,2026.1.1,Win32,59.88023952,,,,,,,,,,,,,,,,,19,BRANCH,easy,,,,,,,,557.6874,559.4187,m,0.6977,,0,87,87,18,1,33,,,,,,,,,,,,,,,,,,,,,,,,,,,,,,,,,,,,,,,,,,,,,,,
,406414,001,2026-04-14_16h58.29.167,DFv2,2026.1.1,Win32,59.88023952,,,,,,,,,,,,,,,,,21,SHOCK,easy,,,,,,,,559.42,563.2522,m,2.7985,,0,88,88,20,1,31,,,,,,,,,,,,,,,,,,,,,,,,,,,,,,,,,,,,,,,,,,,,,,,
,406414,001,2026-04-14_16h58.29.167,DFv2,2026.1.1,Win32,59.88023952,,,,,,,,,,,,,,,,,51,ASSUME,easy,,,,,,,,563.2536,565.0687,m,0.7813,,0,89,89,50,1,63,,,,,,,,,,,,,,,,,,,,,,,,,,,,,,,,,,,,,,,,,,,,,,,
,406414,001,2026-04-14_16h58.29.167,DFv2,2026.1.1,Win32,59.88023952,,,,,,,,,,,,,,,,,85,INSIPID,hard,,,,,,,,565.0704,567.0855,z,0.9838,,0,90,90,84,1,1,,,,,,,,,,,,,,,,,,,,,,,,,,,,,,,,,,,,,,,,,,,,,,,
,406414,001,2026-04-14_16h58.29.167,DFv2,2026.1.1,Win32,59.88023952,,,,,,,,,,,,,,,,,6,POETIC,easy,,,,,,,,567.0868,569.6187,m,1.5064,,0,91,91,5,1,31,,,,,,,,,,,,,,,,,,,,,,,,,,,,,,,,,,,,,,,,,,,,,,,
,406414,001,2026-04-14_16h58.29.167,DFv2,2026.1.1,Win32,59.88023952,,,,,,,,,,,,,,,,,11,ANGRY,easy,,,,,,,,569.6202,571.3858,m,0.7314,,0,92,92,10,1,45,,,,,,,,,,,,,,,,,,,,,,,,,,,,,,,,,,,,,,,,,,,,,,,
,406414,001,2026-04-14_16h58.29.167,DFv2,2026.1.1,Win32,59.88023952,,,,,,,,,,,,,,,,,79,DETER,hard,,,,,,,,571.3872,573.1858,m,0.765,,0,93,93,78,1,1,,,,,,,,,,,,,,,,,,,,,,,,,,,,,,,,,,,,,,,,,,,,,,,
,406414,001,2026-04-14_16h58.29.167,DFv2,2026.1.1,Win32,59.88023952,,,,,,,,,,,,,,,,,82,FICKLE,hard,,,,,,,,573.1873,575.2526,z,1.031,,0,94,94,81,1,1,,,,,,,,,,,,,,,,,,,,,,,,,,,,,,,,,,,,,,,,,,,,,,,
,406414,001,2026-04-14_16h58.29.167,DFv2,2026.1.1,Win32,59.88023952,,,,,,,,,,,,,,,,,10,ADVISED,easy,,,,,,,,575.2542,577.0528,m,0.768,,0,95,95,9,1,33,,,,,,,,,,,,,,,,,,,,,,,,,,,,,,,,,,,,,,,,,,,,,,,
,406414,001,2026-04-14_16h58.29.167,DFv2,2026.1.1,Win32,59.88023952,,,,,,,,,,,,,,,,,,,,,,,,,,,,,,,,,,,,,,577.0535,585.8098,,,,,,,,,,,,,,,,,,,,,,,,,,,,,,,,,,,,,,,,,,,,,
,406414,001,2026-04-14_16h58.29.167,DFv2,2026.1.1,Win32,59.88023952,,,,,,,,,,,,,,,,,,,,,,,,,,,,,,,,,,,,,,,,585.826,587.8869,y,2.0331,,0,0,0,35,1,36,James Patterson,Y,,,,,,,,,,,,,,,,,,,,,,,,,,,,,,,,
,406414,001,2026-04-14_16h58.29.167,DFv2,2026.1.1,Win32,59.88023952,,,,,,,,,,,,,,,,,,,,,,,,,,,,,,,,,,,,,,,,587.8886,589.3535,y,1.4477,,0,1,1,14,1,15,Margaret Atwood,Y,,,,,,,,,,,,,,,,,,,,,,,,,,,,,,,,
,406414,001,2026-04-14_16h58.29.167,DFv2,2026.1.1,Win32,59.88023952,,,,,,,,,,,,,,,,,,,,,,,,,,,,,,,,,,,,,,,,589.3549,591.0697,n,1.7045,,0,2,2,64,1,65,Kirby Kavanagh,N,,,,,,,,,,,,,,,,,,,,,,,,,,,,,,,,
,406414,001,2026-04-14_16h58.29.167,DFv2,2026.1.1,Win32,59.88023952,,,,,,,,,,,,,,,,,,,,,,,,,,,,,,,,,,,,,,,,591.0708,592.3207,n,1.2298,,0,3,3,69,1,70,Miriam Sexton,N,,,,,,,,,,,,,,,,,,,,,,,,,,,,,,,,
,406414,001,2026-04-14_16h58.29.167,DFv2,2026.1.1,Win32,59.88023952,,,,,,,,,,,,,,,,,,,,,,,,,,,,,,,,,,,,,,,,592.3221,593.3704,n,1.0285,,0,4,4,55,1,56,Katherine Carpenter,N,,,,,,,,,,,,,,,,,,,,,,,,,,,,,,,,
,406414,001,2026-04-14_16h58.29.167,DFv2,2026.1.1,Win32,59.88023952,,,,,,,,,,,,,,,,,,,,,,,,,,,,,,,,,,,,,,,,593.3718,594.5032,y,1.116,,0,5,5,6,1,7,Kurt Vonnegut,Y,,,,,,,,,,,,,,,,,,,,,,,,,,,,,,,,
,406414,001,2026-04-14_16h58.29.167,DFv2,2026.1.1,Win32,59.88023952,,,,,,,,,,,,,,,,,,,,,,,,,,,,,,,,,,,,,,,,594.5049,596.0043,n,1.4802,,0,6,6,0,1,1,Saul Bellow,Y,,,,,,,,,,,,,,,,,,,,,,,,,,,,,,,,
,406414,001,2026-04-14_16h58.29.167,DFv2,2026.1.1,Win32,59.88023952,,,,,,,,,,,,,,,,,,,,,,,,,,,,,,,,,,,,,,,,596.0058,600.0201,n,4.0037,,0,7,7,31,1,32,Isaac Asimov,Y,,,,,,,,,,,,,,,,,,,,,,,,,,,,,,,,
,406414,001,2026-04-14_16h58.29.167,DFv2,2026.1.1,Win32,59.88023952,,,,,,,,,,,,,,,,,,,,,,,,,,,,,,,,,,,,,,,,600.0215,600.9367,n,0.9001,,0,8,8,30,1,31,Umberto Eco,Y,,,,,,,,,,,,,,,,,,,,,,,,,,,,,,,,
,406414,001,2026-04-14_16h58.29.167,DFv2,2026.1.1,Win32,59.88023952,,,,,,,,,,,,,,,,,,,,,,,,,,,,,,,,,,,,,,,,600.9378,601.8536,n,0.9037,,0,9,9,74,1,75,Eric Amsel,N,,,,,,,,,,,,,,,,,,,,,,,,,,,,,,,,
,406414,001,2026-04-14_16h58.29.167,DFv2,2026.1.1,Win32,59.88023952,,,,,,,,,,,,,,,,,,,,,,,,,,,,,,,,,,,,,,,,601.8551,602.7704,n,0.9023,,0,10,10,86,1,87,Frances Fincham,N,,,,,,,,,,,,,,,,,,,,,,,,,,,,,,,,
,406414,001,2026-04-14_16h58.29.167,DFv2,2026.1.1,Win32,59.88023952,,,,,,,,,,,,,,,,,,,,,,,,,,,,,,,,,,,,,,,,602.7721,603.8712,y,1.0805,,0,11,11,44,1,45,Jack London,Y,,,,,,,,,,,,,,,,,,,,,,,,,,,,,,,,
,406414,001,2026-04-14_16h58.29.167,DFv2,2026.1.1,Win32,59.88023952,,,,,,,,,,,,,,,,,,,,,,,,,,,,,,,,,,,,,,,,603.8725,604.7704,n,0.8844,,0,12,12,58,1,59,W. Patrick Dickson,N,,,,,,,,,,,,,,,,,,,,,,,,,,,,,,,,
,406414,001,2026-04-14_16h58.29.167,DFv2,2026.1.1,Win32,59.88023952,,,,,,,,,,,,,,,,,,,,,,,,,,,,,,,,,,,,,,,,604.7718,605.8038,n,1.0131,,0,13,13,82,1,83,Naomi Choy,N,,,,,,,,,,,,,,,,,,,,,,,,,,,,,,,,
,406414,001,2026-04-14_16h58.29.167,DFv2,2026.1.1,Win32,59.88023952,,,,,,,,,,,,,,,,,,,,,,,,,,,,,,,,,,,,,,,,605.805,606.9375,y,1.117,,0,14,14,21,1,22,T.S. Elliot,Y,,,,,,,,,,,,,,,,,,,,,,,,,,,,,,,,
,406414,001,2026-04-14_16h58.29.167,DFv2,2026.1.1,Win32,59.88023952,,,,,,,,,,,,,,,,,,,,,,,,,,,,,,,,,,,,,,,,606.939,607.6373,n,0.6797,,0,15,15,94,1,95,Jennifer Marshal,N,,,,,,,,,,,,,,,,,,,,,,,,,,,,,,,,
,406414,001,2026-04-14_16h58.29.167,DFv2,2026.1.1,Win32,59.88023952,,,,,,,,,,,,,,,,,,,,,,,,,,,,,,,,,,,,,,,,607.6387,608.3541,n,0.6952,,0,16,16,52,1,53,Thomas Bever,N,,,,,,,,,,,,,,,,,,,,,,,,,,,,,,,,
,406414,001,2026-04-14_16h58.29.167,DFv2,2026.1.1,Win32,59.88023952,,,,,,,,,,,,,,,,,,,,,,,,,,,,,,,,,,,,,,,,608.3555,609.271,n,0.8968,,0,17,17,73,1,74,Lauren Adamson,N,,,,,,,,,,,,,,,,,,,,,,,,,,,,,,,,
,406414,001,2026-04-14_16h58.29.167,DFv2,2026.1.1,Win32,59.88023952,,,,,,,,,,,,,,,,,,,,,,,,,,,,,,,,,,,,,,,,609.2721,610.4879,n,1.1974,,0,18,18,67,1,68,James Morgan,N,,,,,,,,,,,,,,,,,,,,,,,,,,,,,,,,
,406414,001,2026-04-14_16h58.29.167,DFv2,2026.1.1,Win32,59.88023952,,,,,,,,,,,,,,,,,,,,,,,,,,,,,,,,,,,,,,,,610.4895,611.2879,n,0.7827,,0,19,19,57,1,58,Edward Cornell,N,,,,,,,,,,,,,,,,,,,,,,,,,,,,,,,,
,406414,001,2026-04-14_16h58.29.167,DFv2,2026.1.1,Win32,59.88023952,,,,,,,,,,,,,,,,,,,,,,,,,,,,,,,,,,,,,,,,611.2894,612.0547,n,0.7468,,0,20,20,90,1,91,Noah Whittington,N,,,,,,,,,,,,,,,,,,,,,,,,,,,,,,,,
,406414,001,2026-04-14_16h58.29.167,DFv2,2026.1.1,Win32,59.88023952,,,,,,,,,,,,,,,,,,,,,,,,,,,,,,,,,,,,,,,,612.056,612.8211,n,0.7521,,0,21,21,39,1,40,Robert Ludlum,Y,,,,,,,,,,,,,,,,,,,,,,,,,,,,,,,,
,406414,001,2026-04-14_16h58.29.167,DFv2,2026.1.1,Win32,59.88023952,,,,,,,,,,,,,,,,,,,,,,,,,,,,,,,,,,,,,,,,612.8225,613.971,n,1.1303,,0,22,22,75,1,76,Carter Anvari,N,,,,,,,,,,,,,,,,,,,,,,,,,,,,,,,,
,406414,001,2026-04-14_16h58.29.167,DFv2,2026.1.1,Win32,59.88023952,,,,,,,,,,,,,,,,,,,,,,,,,,,,,,,,,,,,,,,,613.9725,615.1214,y,1.1329,,0,23,23,20,1,21,Toni Morrison,Y,,,,,,,,,,,,,,,,,,,,,,,,,,,,,,,,
,406414,001,2026-04-14_16h58.29.167,DFv2,2026.1.1,Win32,59.88023952,,,,,,,,,,,,,,,,,,,,,,,,,,,,,,,,,,,,,,,,615.1226,616.1216,y,0.9805,,0,24,24,34,1,35,Stephen King,Y,,,,,,,,,,,,,,,,,,,,,,,,,,,,,,,,
,406414,001,2026-04-14_16h58.29.167,DFv2,2026.1.1,Win32,59.88023952,,,,,,,,,,,,,,,,,,,,,,,,,,,,,,,,,,,,,,,,616.1232,616.8881,y,0.7471,,0,25,25,16,1,17,James Joyce,Y,,,,,,,,,,,,,,,,,,,,,,,,,,,,,,,,
,406414,001,2026-04-14_16h58.29.167,DFv2,2026.1.1,Win32,59.88023952,,,,,,,,,,,,,,,,,,,,,,,,,,,,,,,,,,,,,,,,616.8895,618.3709,n,1.4637,,0,26,26,80,1,81,Harrison Boldt,N,,,,,,,,,,,,,,,,,,,,,,,,,,,,,,,,
,406414,001,2026-04-14_16h58.29.167,DFv2,2026.1.1,Win32,59.88023952,,,,,,,,,,,,,,,,,,,,,,,,,,,,,,,,,,,,,,,,618.3723,619.4549,y,1.0627,,0,27,27,27,1,28,Maya Angelou,Y,,,,,,,,,,,,,,,,,,,,,,,,,,,,,,,,
,406414,001,2026-04-14_16h58.29.167,DFv2,2026.1.1,Win32,59.88023952,,,,,,,,,,,,,,,,,,,,,,,,,,,,,,,,,,,,,,,,619.4564,620.5382,n,1.0659,,0,28,28,45,1,46,James Michener,Y,,,,,,,,,,,,,,,,,,,,,,,,,,,,,,,,
,406414,001,2026-04-14_16h58.29.167,DFv2,2026.1.1,Win32,59.88023952,,,,,,,,,,,,,,,,,,,,,,,,,,,,,,,,,,,,,,,,620.5403,622.1715,n,1.6137,,0,29,29,12,1,13,Kazuo Ishiguro,Y,,,,,,,,,,,,,,,,,,,,,,,,,,,,,,,,
,406414,001,2026-04-14_16h58.29.167,DFv2,2026.1.1,Win32,59.88023952,,,,,,,,,,,,,,,,,,,,,,,,,,,,,,,,,,,,,,,,622.1732,623.0717,n,0.8807,,0,30,30,32,1,33,Raymond Chandler,Y,,,,,,,,,,,,,,,,,,,,,,,,,,,,,,,,
,406414,001,2026-04-14_16h58.29.167,DFv2,2026.1.1,Win32,59.88023952,,,,,,,,,,,,,,,,,,,,,,,,,,,,,,,,,,,,,,,,623.0734,623.9049,n,0.8164,,0,31,31,3,1,4,Willa Cather,Y,,,,,,,,,,,,,,,,,,,,,,,,,,,,,,,,
,406414,001,2026-04-14_16h58.29.167,DFv2,2026.1.1,Win32,59.88023952,,,,,,,,,,,,,,,,,,,,,,,,,,,,,,,,,,,,,,,,623.9065,624.8882,y,0.9642,,0,32,32,43,1,44,J.R.R. Tolkien,Y,,,,,,,,,,,,,,,,,,,,,,,,,,,,,,,,
,406414,001,2026-04-14_16h58.29.167,DFv2,2026.1.1,Win32,59.88023952,,,,,,,,,,,,,,,,,,,,,,,,,,,,,,,,,,,,,,,,624.8896,625.6218,n,0.7146,,0,33,33,83,1,84,Charles Condie,N,,,,,,,,,,,,,,,,,,,,,,,,,,,,,,,,
,406414,001,2026-04-14_16h58.29.167,DFv2,2026.1.1,Win32,59.88023952,,,,,,,,,,,,,,,,,,,,,,,,,,,,,,,,,,,,,,,,625.6235,626.3883,n,0.7471,,0,34,34,98,1,99,Susan Kormer,N,,,,,,,,,,,,,,,,,,,,,,,,,,,,,,,,
,406414,001,2026-04-14_16h58.29.167,DFv2,2026.1.1,Win32,59.88023952,,,,,,,,,,,,,,,,,,,,,,,,,,,,,,,,,,,,,,,,626.3897,627.7885,n,1.3838,,0,35,35,33,1,34,Samuel Beckett,Y,,,,,,,,,,,,,,,,,,,,,,,,,,,,,,,,
,406414,001,2026-04-14_16h58.29.167,DFv2,2026.1.1,Win32,59.88023952,,,,,,,,,,,,,,,,,,,,,,,,,,,,,,,,,,,,,,,,627.7898,628.8052,y,0.9966,,0,36,36,28,1,29,Ray Bradbury,Y,,,,,,,,,,,,,,,,,,,,,,,,,,,,,,,,
,406414,001,2026-04-14_16h58.29.167,DFv2,2026.1.1,Win32,59.88023952,,,,,,,,,,,,,,,,,,,,,,,,,,,,,,,,,,,,,,,,628.8068,629.8881,y,1.0685,,0,37,37,22,1,23,Harper Lee,Y,,,,,,,,,,,,,,,,,,,,,,,,,,,,,,,,
,406414,001,2026-04-14_16h58.29.167,DFv2,2026.1.1,Win32,59.88023952,,,,,,,,,,,,,,,,,,,,,,,,,,,,,,,,,,,,,,,,629.8897,631.205,n,1.3049,,0,38,38,87,1,88,Martin Ford,N,,,,,,,,,,,,,,,,,,,,,,,,,,,,,,,,
,406414,001,2026-04-14_16h58.29.167,DFv2,2026.1.1,Win32,59.88023952,,,,,,,,,,,,,,,,,,,,,,,,,,,,,,,,,,,,,,,,631.2063,632.272,y,1.048,,0,39,39,7,1,8,J.D. Salinger,Y,,,,,,,,,,,,,,,,,,,,,,,,,,,,,,,,
,406414,001,2026-04-14_16h58.29.167,DFv2,2026.1.1,Win32,59.88023952,,,,,,,,,,,,,,,,,,,,,,,,,,,,,,,,,,,,,,,,632.2736,633.1227,n,0.8305,,0,40,40,91,1,92,Steve Yussen,N,,,,,,,,,,,,,,,,,,,,,,,,,,,,,,,,
,406414,001,2026-04-14_16h58.29.167,DFv2,2026.1.1,Win32,59.88023952,,,,,,,,,,,,,,,,,,,,,,,,,,,,,,,,,,,,,,,,633.1242,634.4718,y,1.3297,,0,41,41,1,1,2,Thomas Pynchon,Y,,,,,,,,,,,,,,,,,,,,,,,,,,,,,,,,
,406414,001,2026-04-14_16h58.29.167,DFv2,2026.1.1,Win32,59.88023952,,,,,,,,,,,,,,,,,,,,,,,,,,,,,,,,,,,,,,,,634.473,636.1389,n,1.6474,,0,42,42,36,1,37,Thomas Wolfe,Y,,,,,,,,,,,,,,,,,,,,,,,,,,,,,,,,
,406414,001,2026-04-14_16h58.29.167,DFv2,2026.1.1,Win32,59.88023952,,,,,,,,,,,,,,,,,,,,,,,,,,,,,,,,,,,,,,,,636.1406,637.7718,n,1.6211,,0,43,43,56,1,57,Suzanne Clarkson,N,,,,,,,,,,,,,,,,,,,,,,,,,,,,,,,,
,406414,001,2026-04-14_16h58.29.167,DFv2,2026.1.1,Win32,59.88023952,,,,,,,,,,,,,,,,,,,,,,,,,,,,,,,,,,,,,,,,637.7734,639.4723,n,1.6801,,0,44,44,40,1,41,Clive Cussler,Y,,,,,,,,,,,,,,,,,,,,,,,,,,,,,,,,
,406414,001,2026-04-14_16h58.29.167,DFv2,2026.1.1,Win32,59.88023952,,,,,,,,,,,,,,,,,,,,,,,,,,,,,,,,,,,,,,,,639.4739,640.8391,n,1.3478,,0,45,45,2,1,3,Bernard Malamud,Y,,,,,,,,,,,,,,,,,,,,,,,,,,,,,,,,
,406414,001,2026-04-14_16h58.29.167,DFv2,2026.1.1,Win32,59.88023952,,,,,,,,,,,,,,,,,,,,,,,,,,,,,,,,,,,,,,,,640.8409,641.6892,n,0.8297,,0,46,46,97,1,98,Caleb Lim,N,,,,,,,,,,,,,,,,,,,,,,,,,,,,,,,,
,406414,001,2026-04-14_16h58.29.167,DFv2,2026.1.1,Win32,59.88023952,,,,,,,,,,,,,,,,,,,,,,,,,,,,,,,,,,,,,,,,641.6908,642.8059,n,1.0969,,0,47,47,99,1,100,Reed Larson,N,,,,,,,,,,,,,,,,,,,,,,,,,,,,,,,,
,406414,001,2026-04-14_16h58.29.167,DFv2,2026.1.1,Win32,59.88023952,,,,,,,,,,,,,,,,,,,,,,,,,,,,,,,,,,,,,,,,642.8075,644.0392,n,1.2157,,0,48,48,50,1,51,Christopher Barr,N,,,,,,,,,,,,,,,,,,,,,,,,,,,,,,,,
,406414,001,2026-04-14_16h58.29.167,DFv2,2026.1.1,Win32,59.88023952,,,,,,,,,,,,,,,,,,,,,,,,,,,,,,,,,,,,,,,,644.0407,645.1061,y,1.047,,0,49,49,15,1,16,Ayn Rand,Y,,,,,,,,,,,,,,,,,,,,,,,,,,,,,,,,
,406414,001,2026-04-14_16h58.29.167,DFv2,2026.1.1,Win32,59.88023952,,,,,,,,,,,,,,,,,,,,,,,,,,,,,,,,,,,,,,,,645.1076,645.956,n,0.8308,,0,50,50,88,1,89,Ryan Gilbertson,N,,,,,,,,,,,,,,,,,,,,,,,,,,,,,,,,
,406414,001,2026-04-14_16h58.29.167,DFv2,2026.1.1,Win32,59.88023952,,,,,,,,,,,,,,,,,,,,,,,,,,,,,,,,,,,,,,,,645.9577,647.056,y,1.0806,,0,51,51,18,1,19,Nora Ephron,Y,,,,,,,,,,,,,,,,,,,,,,,,,,,,,,,,
,406414,001,2026-04-14_16h58.29.167,DFv2,2026.1.1,Win32,59.88023952,,,,,,,,,,,,,,,,,,,,,,,,,,,,,,,,,,,,,,,,647.0574,647.9395,n,0.8648,,0,52,52,62,1,63,Mimi Hall,N,,,,,,,,,,,,,,,,,,,,,,,,,,,,,,,,
,406414,001,2026-04-14_16h58.29.167,DFv2,2026.1.1,Win32,59.88023952,,,,,,,,,,,,,,,,,,,,,,,,,,,,,,,,,,,,,,,,647.9409,650.0727,n,2.1139,,0,53,53,42,1,43,Nelson Demille,Y,,,,,,,,,,,,,,,,,,,,,,,,,,,,,,,,
,406414,001,2026-04-14_16h58.29.167,DFv2,2026.1.1,Win32,59.88023952,,,,,,,,,,,,,,,,,,,,,,,,,,,,,,,,,,,,,,,,650.0743,651.2562,n,1.1632,,0,54,54,84,1,85,Geraldine Dawson,N,,,,,,,,,,,,,,,,,,,,,,,,,,,,,,,,
,406414,001,2026-04-14_16h58.29.167,DFv2,2026.1.1,Win32,59.88023952,,,,,,,,,,,,,,,,,,,,,,,,,,,,,,,,,,,,,,,,651.2578,652.2396,n,0.9628,,0,55,55,70,1,71, K. Warner Schaie,N,,,,,,,,,,,,,,,,,,,,,,,,,,,,,,,,
,406414,001,2026-04-14_16h58.29.167,DFv2,2026.1.1,Win32,59.88023952,,,,,,,,,,,,,,,,,,,,,,,,,,,,,,,,,,,,,,,,652.2411,653.0559,n,0.8033,,0,56,56,89,1,90,Nicole Waugh,N,,,,,,,,,,,,,,,,,,,,,,,,,,,,,,,,
,406414,001,2026-04-14_16h58.29.167,DFv2,2026.1.1,Win32,59.88023952,,,,,,,,,,,,,,,,,,,,,,,,,,,,,,,,,,,,,,,,653.0574,653.9399,n,0.8632,,0,57,57,54,1,55,Jennifer Butterworth,N,,,,,,,,,,,,,,,,,,,,,,,,,,,,,,,,
,406414,001,2026-04-14_16h58.29.167,DFv2,2026.1.1,Win32,59.88023952,,,,,,,,,,,,,,,,,,,,,,,,,,,,,,,,,,,,,,,,653.9414,654.5727,n,0.6197,,0,58,58,26,1,27,Danielle Steel,Y,,,,,,,,,,,,,,,,,,,,,,,,,,,,,,,,
,406414,001,2026-04-14_16h58.29.167,DFv2,2026.1.1,Win32,59.88023952,,,,,,,,,,,,,,,,,,,,,,,,,,,,,,,,,,,,,,,,654.5739,655.4232,n,0.8326,,0,59,59,37,1,38,Jane Smiley,Y,,,,,,,,,,,,,,,,,,,,,,,,,,,,,,,,
,406414,001,2026-04-14_16h58.29.167,DFv2,2026.1.1,Win32,59.88023952,,,,,,,,,,,,,,,,,,,,,,,,,,,,,,,,,,,,,,,,655.4247,656.123,n,0.6807,,0,60,60,63,1,64,Frank Kiel,N,,,,,,,,,,,,,,,,,,,,,,,,,,,,,,,,
,406414,001,2026-04-14_16h58.29.167,DFv2,2026.1.1,Win32,59.88023952,,,,,,,,,,,,,,,,,,,,,,,,,,,,,,,,,,,,,,,,656.1242,656.723,n,0.5862,,0,61,61,59,1,60,Robert Emery,N,,,,,,,,,,,,,,,,,,,,,,,,,,,,,,,,
,406414,001,2026-04-14_16h58.29.167,DFv2,2026.1.1,Win32,59.88023952,,,,,,,,,,,,,,,,,,,,,,,,,,,,,,,,,,,,,,,,656.7244,659.8235,y,3.0814,,0,62,62,78,1,79,Brian Bigelow,N,,,,,,,,,,,,,,,,,,,,,,,,,,,,,,,,
,406414,001,2026-04-14_16h58.29.167,DFv2,2026.1.1,Win32,59.88023952,,,,,,,,,,,,,,,,,,,,,,,,,,,,,,,,,,,,,,,,659.825,662.357,n,2.5131,,0,63,63,10,1,11,Vladimir Nabokov,Y,,,,,,,,,,,,,,,,,,,,,,,,,,,,,,,,
,406414,001,2026-04-14_16h58.29.167,DFv2,2026.1.1,Win32,59.88023952,,,,,,,,,,,,,,,,,,,,,,,,,,,,,,,,,,,,,,,,662.3585,663.0733,n,0.6967,,0,64,64,25,1,26,Ralph Ellison,Y,,,,,,,,,,,,,,,,,,,,,,,,,,,,,,,,
,406414,001,2026-04-14_16h58.29.167,DFv2,2026.1.1,Win32,59.88023952,,,,,,,,,,,,,,,,,,,,,,,,,,,,,,,,,,,,,,,,663.0747,664.3069,y,1.214,,0,65,65,17,1,18,Joyce Carol Oates,Y,,,,,,,,,,,,,,,,,,,,,,,,,,,,,,,,
,406414,001,2026-04-14_16h58.29.167,DFv2,2026.1.1,Win32,59.88023952,,,,,,,,,,,,,,,,,,,,,,,,,,,,,,,,,,,,,,,,664.3084,665.1566,n,0.8303,,0,66,66,49,1,50,Judith Krantz,Y,,,,,,,,,,,,,,,,,,,,,,,,,,,,,,,,
,406414,001,2026-04-14_16h58.29.167,DFv2,2026.1.1,Win32,59.88023952,,,,,,,,,,,,,,,,,,,,,,,,,,,,,,,,,,,,,,,,665.1578,666.7402,y,1.5706,,0,67,67,5,1,6,Gabriel Garcia Marquez,Y,,,,,,,,,,,,,,,,,,,,,,,,,,,,,,,,
,406414,001,2026-04-14_16h58.29.167,DFv2,2026.1.1,Win32,59.88023952,,,,,,,,,,,,,,,,,,,,,,,,,,,,,,,,,,,,,,,,666.7414,668.5901,n,1.8376,,0,68,68,66,1,67,Morton Mendelson,N,,,,,,,,,,,,,,,,,,,,,,,,,,,,,,,,
,406414,001,2026-04-14_16h58.29.167,DFv2,2026.1.1,Win32,59.88023952,,,,,,,,,,,,,,,,,,,,,,,,,,,,,,,,,,,,,,,,668.5935,669.7404,n,1.1304,,0,69,69,61,1,62,Sheryl Green,N,,,,,,,,,,,,,,,,,,,,,,,,,,,,,,,,
,406414,001,2026-04-14_16h58.29.167,DFv2,2026.1.1,Win32,59.88023952,,,,,,,,,,,,,,,,,,,,,,,,,,,,,,,,,,,,,,,,669.7422,670.4411,n,0.6801,,0,70,70,19,1,20,Michael Ondaatje,Y,,,,,,,,,,,,,,,,,,,,,,,,,,,,,,,,
,406414,001,2026-04-14_16h58.29.167,DFv2,2026.1.1,Win32,59.88023952,,,,,,,,,,,,,,,,,,,,,,,,,,,,,,,,,,,,,,,,670.4427,671.4068,n,0.9549,,0,71,71,96,1,97,Sophia Martin,N,,,,,,,,,,,,,,,,,,,,,,,,,,,,,,,,
,406414,001,2026-04-14_16h58.29.167,DFv2,2026.1.1,Win32,59.88023952,,,,,,,,,,,,,,,,,,,,,,,,,,,,,,,,,,,,,,,,671.4084,672.5075,y,1.0831,,0,72,72,11,1,12,Salman Rushdie,Y,,,,,,,,,,,,,,,,,,,,,,,,,,,,,,,,
,406414,001,2026-04-14_16h58.29.167,DFv2,2026.1.1,Win32,59.88023952,,,,,,,,,,,,,,,,,,,,,,,,,,,,,,,,,,,,,,,,672.5092,673.7574,n,1.2327,,0,73,73,60,1,61,Samuel Paige,N,,,,,,,,,,,,,,,,,,,,,,,,,,,,,,,,
,406414,001,2026-04-14_16h58.29.167,DFv2,2026.1.1,Win32,59.88023952,,,,,,,,,,,,,,,,,,,,,,,,,,,,,,,,,,,,,,,,673.7587,676.0932,n,2.3205,,0,74,74,71,1,72,Robert Siegler,N,,,,,,,,,,,,,,,,,,,,,,,,,,,,,,,,
,406414,001,2026-04-14_16h58.29.167,DFv2,2026.1.1,Win32,59.88023952,,,,,,,,,,,,,,,,,,,,,,,,,,,,,,,,,,,,,,,,676.0947,676.9743,y,0.8611,,0,75,75,41,1,42,Tom Clancy,Y,,,,,,,,,,,,,,,,,,,,,,,,,,,,,,,,
,406414,001,2026-04-14_16h58.29.167,DFv2,2026.1.1,Win32,59.88023952,,,,,,,,,,,,,,,,,,,,,,,,,,,,,,,,,,,,,,,,676.9757,677.9905,y,1.003,,0,76,76,13,1,14,William Faulkner,Y,,,,,,,,,,,,,,,,,,,,,,,,,,,,,,,,
,406414,001,2026-04-14_16h58.29.167,DFv2,2026.1.1,Win32,59.88023952,,,,,,,,,,,,,,,,,,,,,,,,,,,,,,,,,,,,,,,,677.9919,680.5407,n,2.5324,,0,77,77,76,1,77,Margarita Azmitia,N,,,,,,,,,,,,,,,,,,,,,,,,,,,,,,,,
,406414,001,2026-04-14_16h58.29.167,DFv2,2026.1.1,Win32,59.88023952,,,,,,,,,,,,,,,,,,,,,,,,,,,,,,,,,,,,,,,,680.5419,681.8915,n,1.3303,,0,78,78,47,1,48,Anne McCaffrey,Y,,,,,,,,,,,,,,,,,,,,,,,,,,,,,,,,
,406414,001,2026-04-14_16h58.29.167,DFv2,2026.1.1,Win32,59.88023952,,,,,,,,,,,,,,,,,,,,,,,,,,,,,,,,,,,,,,,,681.8932,682.7083,n,0.7961,,0,79,79,51,1,52,Lauren Benjamin,N,,,,,,,,,,,,,,,,,,,,,,,,,,,,,,,,
,406414,001,2026-04-14_16h58.29.167,DFv2,2026.1.1,Win32,59.88023952,,,,,,,,,,,,,,,,,,,,,,,,,,,,,,,,,,,,,,,,682.7101,683.7079,y,0.9793,,0,80,80,23,1,24,George Orwell,Y,,,,,,,,,,,,,,,,,,,,,,,,,,,,,,,,
,406414,001,2026-04-14_16h58.29.167,DFv2,2026.1.1,Win32,59.88023952,,,,,,,,,,,,,,,,,,,,,,,,,,,,,,,,,,,,,,,,683.7094,684.5907,y,0.8636,,0,81,81,9,1,10,F. Scott Fitzgerald,Y,,,,,,,,,,,,,,,,,,,,,,,,,,,,,,,,
,406414,001,2026-04-14_16h58.29.167,DFv2,2026.1.1,Win32,59.88023952,,,,,,,,,,,,,,,,,,,,,,,,,,,,,,,,,,,,,,,,684.5926,685.5075,n,0.9052,,0,82,82,77,1,78,Reuben Baron,N,,,,,,,,,,,,,,,,,,,,,,,,,,,,,,,,
,406414,001,2026-04-14_16h58.29.167,DFv2,2026.1.1,Win32,59.88023952,,,,,,,,,,,,,,,,,,,,,,,,,,,,,,,,,,,,,,,,685.5091,686.6075,n,1.09,,0,83,83,38,1,39,Herman Wouk,Y,,,,,,,,,,,,,,,,,,,,,,,,,,,,,,,,
,406414,001,2026-04-14_16h58.29.167,DFv2,2026.1.1,Win32,59.88023952,,,,,,,,,,,,,,,,,,,,,,,,,,,,,,,,,,,,,,,,686.6087,687.6079,n,0.9804,,0,84,84,48,1,49,Sue Grafton,Y,,,,,,,,,,,,,,,,,,,,,,,,,,,,,,,,
,406414,001,2026-04-14_16h58.29.167,DFv2,2026.1.1,Win32,59.88023952,,,,,,,,,,,,,,,,,,,,,,,,,,,,,,,,,,,,,,,,687.6094,688.3248,n,0.6979,,0,85,85,93,1,94,Scott Paris,N,,,,,,,,,,,,,,,,,,,,,,,,,,,,,,,,
,406414,001,2026-04-14_16h58.29.167,DFv2,2026.1.1,Win32,59.88023952,,,,,,,,,,,,,,,,,,,,,,,,,,,,,,,,,,,,,,,,688.3262,689.2582,y,0.9129,,0,86,86,4,1,5,Virginia Woolf,Y,,,,,,,,,,,,,,,,,,,,,,,,,,,,,,,,
,406414,001,2026-04-14_16h58.29.167,DFv2,2026.1.1,Win32,59.88023952,,,,,,,,,,,,,,,,,,,,,,,,,,,,,,,,,,,,,,,,689.2597,690.3083,n,1.0302,,0,87,87,24,1,25,Isabel Allende,Y,,,,,,,,,,,,,,,,,,,,,,,,,,,,,,,,
,406414,001,2026-04-14_16h58.29.167,DFv2,2026.1.1,Win32,59.88023952,,,,,,,,,,,,,,,,,,,,,,,,,,,,,,,,,,,,,,,,690.3099,691.1077,n,0.7866,,0,88,88,79,1,80,Dale Blyth,N,,,,,,,,,,,,,,,,,,,,,,,,,,,,,,,,
,406414,001,2026-04-14_16h58.29.167,DFv2,2026.1.1,Win32,59.88023952,,,,,,,,,,,,,,,,,,,,,,,,,,,,,,,,,,,,,,,,691.109,691.7917,n,0.6646,,0,89,89,85,1,86,Aimee Dorr,N,,,,,,,,,,,,,,,,,,,,,,,,,,,,,,,,
,406414,001,2026-04-14_16h58.29.167,DFv2,2026.1.1,Win32,59.88023952,,,,,,,,,,,,,,,,,,,,,,,,,,,,,,,,,,,,,,,,691.7933,692.7245,y,0.9122,,0,90,90,29,1,30,E.B. White,Y,,,,,,,,,,,,,,,,,,,,,,,,,,,,,,,,
,406414,001,2026-04-14_16h58.29.167,DFv2,2026.1.1,Win32,59.88023952,,,,,,,,,,,,,,,,,,,,,,,,,,,,,,,,,,,,,,,,692.726,693.675,y,0.9356,,0,91,91,8,1,9,Ernest Hemingway,Y,,,,,,,,,,,,,,,,,,,,,,,,,,,,,,,,
,406414,001,2026-04-14_16h58.29.167,DFv2,2026.1.1,Win32,59.88023952,,,,,,,,,,,,,,,,,,,,,,,,,,,,,,,,,,,,,,,,693.6765,694.958,n,1.2646,,0,92,92,65,1,66,Alex Lumsden,N,,,,,,,,,,,,,,,,,,,,,,,,,,,,,,,,
,406414,001,2026-04-14_16h58.29.167,DFv2,2026.1.1,Win32,59.88023952,,,,,,,,,,,,,,,,,,,,,,,,,,,,,,,,,,,,,,,,694.9593,695.6583,n,0.6818,,0,93,93,95,1,96,Hugh Lytton,N,,,,,,,,,,,,,,,,,,,,,,,,,,,,,,,,
,406414,001,2026-04-14_16h58.29.167,DFv2,2026.1.1,Win32,59.88023952,,,,,,,,,,,,,,,,,,,,,,,,,,,,,,,,,,,,,,,,695.6599,696.4746,n,0.8033,,0,94,94,53,1,54,Elliot Blass,N,,,,,,,,,,,,,,,,,,,,,,,,,,,,,,,,
,406414,001,2026-04-14_16h58.29.167,DFv2,2026.1.1,Win32,59.88023952,,,,,,,,,,,,,,,,,,,,,,,,,,,,,,,,,,,,,,,,696.4759,697.2419,n,0.7492,,0,95,95,68,1,69,David Perry,N,,,,,,,,,,,,,,,,,,,,,,,,,,,,,,,,
,406414,001,2026-04-14_16h58.29.167,DFv2,2026.1.1,Win32,59.88023952,,,,,,,,,,,,,,,,,,,,,,,,,,,,,,,,,,,,,,,,697.2433,698.5747,n,1.3141,,0,96,96,72,1,73,Mark Strauss,N,,,,,,,,,,,,,,,,,,,,,,,,,,,,,,,,
,406414,001,2026-04-14_16h58.29.167,DFv2,2026.1.1,Win32,59.88023952,,,,,,,,,,,,,,,,,,,,,,,,,,,,,,,,,,,,,,,,698.5762,699.6588,y,1.0645,,0,97,97,46,1,47,John Grisham,Y,,,,,,,,,,,,,,,,,,,,,,,,,,,,,,,,
,406414,001,2026-04-14_16h58.29.167,DFv2,2026.1.1,Win32,59.88023952,,,,,,,,,,,,,,,,,,,,,,,,,,,,,,,,,,,,,,,,699.6603,700.342,n,0.6644,,0,98,98,81,1,82,Hilda Borko,N,,,,,,,,,,,,,,,,,,,,,,,,,,,,,,,,
,406414,001,2026-04-14_16h58.29.167,DFv2,2026.1.1,Win32,59.88023952,,,,,,,,,,,,,,,,,,,,,,,,,,,,,,,,,,,,,,,,700.3434,701.1755,n,0.8129,,0,99,99,92,1,93,Peter Rigg,N,,,,,,,,,,,,,,,,,,,,,,,,,,,,,,,,
,406414,001,2026-04-14_16h58.29.167,DFv2,2026.1.1,Win32,59.88023952,,,,,,,,,,,,,,,,,,,,,,,,,,,,,,,,,,,,,,,,,,,,,,,,,,,,,701.1761,708.8932,,,,,,,,,,,,,,,,,,,,,,,,,,,,,,
,406414,001,2026-04-14_16h58.29.167,DFv2,2026.1.1,Win32,59.88023952,,,,,,,,,,,,,,,,,,,,,,,,,,,,,,,,,,,,,,,,,,,,,,,,,,49,,,,,708.9074,710.5095,y,1.5873,,0,0,0,48,1,scholar,Y,,,,,,,,,,,,,,,,,,
,406414,001,2026-04-14_16h58.29.167,DFv2,2026.1.1,Win32,59.88023952,,,,,,,,,,,,,,,,,,,,,,,,,,,,,,,,,,,,,,,,,,,,,,,,,,61,,,,,710.5107,711.7926,n,1.2669,,0,1,1,60,1,pudour,N,,,,,,,,,,,,,,,,,,
,406414,001,2026-04-14_16h58.29.167,DFv2,2026.1.1,Win32,59.88023952,,,,,,,,,,,,,,,,,,,,,,,,,,,,,,,,,,,,,,,,,,,,,,,,,,50,,,,,711.7939,713.1256,y,1.3205,,0,2,2,49,1,turtle,Y,,,,,,,,,,,,,,,,,,
,406414,001,2026-04-14_16h58.29.167,DFv2,2026.1.1,Win32,59.88023952,,,,,,,,,,,,,,,,,,,,,,,,,,,,,,,,,,,,,,,,,,,,,,,,,,3,,,,,713.1268,713.8922,y,0.7542,,0,3,3,2,1,generic,Y,,,,,,,,,,,,,,,,,,
,406414,001,2026-04-14_16h58.29.167,DFv2,2026.1.1,Win32,59.88023952,,,,,,,,,,,,,,,,,,,,,,,,,,,,,,,,,,,,,,,,,,,,,,,,,,52,,,,,713.8937,715.5423,n,1.6304,,0,4,4,51,1,destription,N,,,,,,,,,,,,,,,,,,
,406414,001,2026-04-14_16h58.29.167,DFv2,2026.1.1,Win32,59.88023952,,,,,,,,,,,,,,,,,,,,,,,,,,,,,,,,,,,,,,,,,,,,,,,,,,13,,,,,715.5437,717.0425,n,1.4896,,0,5,5,12,1,alberation,N,,,,,,,,,,,,,,,,,,
,406414,001,2026-04-14_16h58.29.167,DFv2,2026.1.1,Win32,59.88023952,,,,,,,,,,,,,,,,,,,,,,,,,,,,,,,,,,,,,,,,,,,,,,,,,,38,,,,,717.044,718.1601,y,1.1038,,0,6,6,37,1,lengthy,Y,,,,,,,,,,,,,,,,,,
,406414,001,2026-04-14_16h58.29.167,DFv2,2026.1.1,Win32,59.88023952,,,,,,,,,,,,,,,,,,,,,,,,,,,,,,,,,,,,,,,,,,,,,,,,,,56,,,,,718.1614,718.9592,y,0.7878,,0,7,7,55,1,rascal,Y,,,,,,,,,,,,,,,,,,
,406414,001,2026-04-14_16h58.29.167,DFv2,2026.1.1,Win32,59.88023952,,,,,,,,,,,,,,,,,,,,,,,,,,,,,,,,,,,,,,,,,,,,,,,,,,42,,,,,718.9604,719.7929,y,0.8171,,0,8,8,41,1,majestic,Y,,,,,,,,,,,,,,,,,,
,406414,001,2026-04-14_16h58.29.167,DFv2,2026.1.1,Win32,59.88023952,,,,,,,,,,,,,,,,,,,,,,,,,,,,,,,,,,,,,,,,,,,,,,,,,,5,,,,,719.7943,720.7093,y,0.9057,,0,9,9,4,1,scornful,Y,,,,,,,,,,,,,,,,,,
,406414,001,2026-04-14_16h58.29.167,DFv2,2026.1.1,Win32,59.88023952,,,,,,,,,,,,,,,,,,,,,,,,,,,,,,,,,,,,,,,,,,,,,,,,,,14,,,,,720.7107,721.5098,y,0.7812,,0,10,10,13,1,unkempt,Y,,,,,,,,,,,,,,,,,,
,406414,001,2026-04-14_16h58.29.167,DFv2,2026.1.1,Win32,59.88023952,,,,,,,,,,,,,,,,,,,,,,,,,,,,,,,,,,,,,,,,,,,,,,,,,,7,,,,,721.5114,722.3263,y,0.7971,,0,11,11,6,1,ablaze,Y,,,,,,,,,,,,,,,,,,
,406414,001,2026-04-14_16h58.29.167,DFv2,2026.1.1,Win32,59.88023952,,,,,,,,,,,,,,,,,,,,,,,,,,,,,,,,,,,,,,,,,,,,,,,,,,30,,,,,722.3277,723.5265,n,1.1804,,0,12,12,29,1,rebondicate,N,,,,,,,,,,,,,,,,,,
,406414,001,2026-04-14_16h58.29.167,DFv2,2026.1.1,Win32,59.88023952,,,,,,,,,,,,,,,,,,,,,,,,,,,,,,,,,,,,,,,,,,,,,,,,,,53,,,,,723.528,724.3598,y,0.8163,,0,13,13,52,1,cylinder,Y,,,,,,,,,,,,,,,,,,
,406414,001,2026-04-14_16h58.29.167,DFv2,2026.1.1,Win32,59.88023952,,,,,,,,,,,,,,,,,,,,,,,,,,,,,,,,,,,,,,,,,,,,,,,,,,51,,,,,724.3611,725.6264,n,1.2466,,0,14,14,50,1,fellick,N,,,,,,,,,,,,,,,,,,
,406414,001,2026-04-14_16h58.29.167,DFv2,2026.1.1,Win32,59.88023952,,,,,,,,,,,,,,,,,,,,,,,,,,,,,,,,,,,,,,,,,,,,,,,,,,24,,,,,725.6277,726.4601,y,0.813,,0,15,15,23,1,slain,Y,,,,,,,,,,,,,,,,,,
,406414,001,2026-04-14_16h58.29.167,DFv2,2026.1.1,Win32,59.88023952,,,,,,,,,,,,,,,,,,,,,,,,,,,,,,,,,,,,,,,,,,,,,,,,,,19,,,,,726.4611,727.4271,n,0.9468,,0,16,16,18,1,plaudate,N,,,,,,,,,,,,,,,,,,
,406414,001,2026-04-14_16h58.29.167,DFv2,2026.1.1,Win32,59.88023952,,,,,,,,,,,,,,,,,,,,,,,,,,,,,,,,,,,,,,,,,,,,,,,,,,45,,,,,727.4282,729.0264,n,1.5848,,0,17,17,44,1,abergy,N,,,,,,,,,,,,,,,,,,
,406414,001,2026-04-14_16h58.29.167,DFv2,2026.1.1,Win32,59.88023952,,,,,,,,,,,,,,,,,,,,,,,,,,,,,,,,,,,,,,,,,,,,,,,,,,8,,,,,729.0275,729.96,n,0.9142,,0,18,18,7,1,kermshaw,N,,,,,,,,,,,,,,,,,,
,406414,001,2026-04-14_16h58.29.167,DFv2,2026.1.1,Win32,59.88023952,,,,,,,,,,,,,,,,,,,,,,,,,,,,,,,,,,,,,,,,,,,,,,,,,,32,,,,,729.9614,730.9768,y,0.9992,,0,19,19,31,1,bewitch,Y,,,,,,,,,,,,,,,,,,
,406414,001,2026-04-14_16h58.29.167,DFv2,2026.1.1,Win32,59.88023952,,,,,,,,,,,,,,,,,,,,,,,,,,,,,,,,,,,,,,,,,,,,,,,,,,1,,,,,730.9783,732.3933,n,1.3972,,0,20,20,0,1,platery,N,,,,,,,,,,,,,,,,,,
,406414,001,2026-04-14_16h58.29.167,DFv2,2026.1.1,Win32,59.88023952,,,,,,,,,,,,,,,,,,,,,,,,,,,,,,,,,,,,,,,,,,,,,,,,,,28,,,,,732.3945,733.4434,y,1.0336,,0,21,21,27,1,cleanliness,Y,,,,,,,,,,,,,,,,,,
,406414,001,2026-04-14_16h58.29.167,DFv2,2026.1.1,Win32,59.88023952,,,,,,,,,,,,,,,,,,,,,,,,,,,,,,,,,,,,,,,,,,,,,,,,,,10,,,,,733.4447,734.4438,y,0.9813,,0,22,22,9,1,lofty,Y,,,,,,,,,,,,,,,,,,
,406414,001,2026-04-14_16h58.29.167,DFv2,2026.1.1,Win32,59.88023952,,,,,,,,,,,,,,,,,,,,,,,,,,,,,,,,,,,,,,,,,,,,,,,,,,6,,,,,734.445,736.0601,y,1.5974,,0,23,23,5,1,stoutly,Y,,,,,,,,,,,,,,,,,,
,406414,001,2026-04-14_16h58.29.167,DFv2,2026.1.1,Win32,59.88023952,,,,,,,,,,,,,,,,,,,,,,,,,,,,,,,,,,,,,,,,,,,,,,,,,,4,,,,,736.0614,737.3771,n,1.3015,,0,24,24,3,1,mensible,N,,,,,,,,,,,,,,,,,,
,406414,001,2026-04-14_16h58.29.167,DFv2,2026.1.1,Win32,59.88023952,,,,,,,,,,,,,,,,,,,,,,,,,,,,,,,,,,,,,,,,,,,,,,,,,,36,,,,,737.3788,738.3771,n,0.9799,,0,25,25,35,1,interfate,N,,,,,,,,,,,,,,,,,,
,406414,001,2026-04-14_16h58.29.167,DFv2,2026.1.1,Win32,59.88023952,,,,,,,,,,,,,,,,,,,,,,,,,,,,,,,,,,,,,,,,,,,,,,,,,,55,,,,,738.3783,741.3772,y,2.9832,,0,26,26,54,1,celestial,Y,,,,,,,,,,,,,,,,,,
,406414,001,2026-04-14_16h58.29.167,DFv2,2026.1.1,Win32,59.88023952,,,,,,,,,,,,,,,,,,,,,,,,,,,,,,,,,,,,,,,,,,,,,,,,,,20,,,,,741.3784,742.2608,y,0.8639,,0,27,27,19,1,shin,Y,,,,,,,,,,,,,,,,,,
,406414,001,2026-04-14_16h58.29.167,DFv2,2026.1.1,Win32,59.88023952,,,,,,,,,,,,,,,,,,,,,,,,,,,,,,,,,,,,,,,,,,,,,,,,,,63,,,,,742.2622,743.0608,y,0.7799,,0,28,28,62,1,wrought,Y,,,,,,,,,,,,,,,,,,
,406414,001,2026-04-14_16h58.29.167,DFv2,2026.1.1,Win32,59.88023952,,,,,,,,,,,,,,,,,,,,,,,,,,,,,,,,,,,,,,,,,,,,,,,,,,27,,,,,743.0619,743.8269,y,0.7538,,0,29,29,26,1,eloquence,Y,,,,,,,,,,,,,,,,,,
,406414,001,2026-04-14_16h58.29.167,DFv2,2026.1.1,Win32,59.88023952,,,,,,,,,,,,,,,,,,,,,,,,,,,,,,,,,,,,,,,,,,,,,,,,,,23,,,,,743.8282,744.5439,y,0.7024,,0,30,30,22,1,allied,Y,,,,,,,,,,,,,,,,,,
,406414,001,2026-04-14_16h58.29.167,DFv2,2026.1.1,Win32,59.88023952,,,,,,,,,,,,,,,,,,,,,,,,,,,,,,,,,,,,,,,,,,,,,,,,,,62,,,,,744.5451,745.2604,y,0.7067,,0,31,31,61,1,listless,Y,,,,,,,,,,,,,,,,,,
,406414,001,2026-04-14_16h58.29.167,DFv2,2026.1.1,Win32,59.88023952,,,,,,,,,,,,,,,,,,,,,,,,,,,,,,,,,,,,,,,,,,,,,,,,,,54,,,,,745.2618,746.044,y,0.7647,,0,32,32,53,1,censorship,Y,,,,,,,,,,,,,,,,,,
,406414,001,2026-04-14_16h58.29.167,DFv2,2026.1.1,Win32,59.88023952,,,,,,,,,,,,,,,,,,,,,,,,,,,,,,,,,,,,,,,,,,,,,,,,,,26,,,,,746.0456,747.4107,n,1.3476,,0,33,33,25,1,exprate,N,,,,,,,,,,,,,,,,,,
,406414,001,2026-04-14_16h58.29.167,DFv2,2026.1.1,Win32,59.88023952,,,,,,,,,,,,,,,,,,,,,,,,,,,,,,,,,,,,,,,,,,,,,,,,,,47,,,,,747.4119,749.0607,y,1.6371,,0,34,34,46,1,turmoil,Y,,,,,,,,,,,,,,,,,,
,406414,001,2026-04-14_16h58.29.167,DFv2,2026.1.1,Win32,59.88023952,,,,,,,,,,,,,,,,,,,,,,,,,,,,,,,,,,,,,,,,,,,,,,,,,,35,,,,,749.0621,750.0114,n,0.9319,,0,35,35,34,1,kilp,N,,,,,,,,,,,,,,,,,,
,406414,001,2026-04-14_16h58.29.167,DFv2,2026.1.1,Win32,59.88023952,,,,,,,,,,,,,,,,,,,,,,,,,,,,,,,,,,,,,,,,,,,,,,,,,,37,,,,,750.0127,750.8278,y,0.7976,,0,36,36,36,1,hasty,Y,,,,,,,,,,,,,,,,,,
,406414,001,2026-04-14_16h58.29.167,DFv2,2026.1.1,Win32,59.88023952,,,,,,,,,,,,,,,,,,,,,,,,,,,,,,,,,,,,,,,,,,,,,,,,,,9,,,,,750.8291,751.6443,y,0.7985,,0,37,37,8,1,moonlit,Y,,,,,,,,,,,,,,,,,,
,406414,001,2026-04-14_16h58.29.167,DFv2,2026.1.1,Win32,59.88023952,,,,,,,,,,,,,,,,,,,,,,,,,,,,,,,,,,,,,,,,,,,,,,,,,,39,,,,,751.6462,752.6774,y,1.0227,,0,38,38,38,1,fray,Y,,,,,,,,,,,,,,,,,,
,406414,001,2026-04-14_16h58.29.167,DFv2,2026.1.1,Win32,59.88023952,,,,,,,,,,,,,,,,,,,,,,,,,,,,,,,,,,,,,,,,,,,,,,,,,,43,,,,,752.6787,753.7775,n,1.0891,,0,39,39,42,1,magrity,N,,,,,,,,,,,,,,,,,,
,406414,001,2026-04-14_16h58.29.167,DFv2,2026.1.1,Win32,59.88023952,,,,,,,,,,,,,,,,,,,,,,,,,,,,,,,,,,,,,,,,,,,,,,,,,,16,,,,,753.7786,754.9612,y,1.1649,,0,40,40,15,1,festivity,Y,,,,,,,,,,,,,,,,,,
,406414,001,2026-04-14_16h58.29.167,DFv2,2026.1.1,Win32,59.88023952,,,,,,,,,,,,,,,,,,,,,,,,,,,,,,,,,,,,,,,,,,,,,,,,,,60,,,,,754.9624,756.3447,n,1.3647,,0,41,41,59,1,quirty,N,,,,,,,,,,,,,,,,,,
,406414,001,2026-04-14_16h58.29.167,DFv2,2026.1.1,Win32,59.88023952,,,,,,,,,,,,,,,,,,,,,,,,,,,,,,,,,,,,,,,,,,,,,,,,,,59,,,,,756.3459,758.4609,y,2.0972,,0,42,42,58,1,muddy,Y,,,,,,,,,,,,,,,,,,
,406414,001,2026-04-14_16h58.29.167,DFv2,2026.1.1,Win32,59.88023952,,,,,,,,,,,,,,,,,,,,,,,,,,,,,,,,,,,,,,,,,,,,,,,,,,17,,,,,758.462,759.6619,y,1.1812,,0,43,43,16,1,screech,Y,,,,,,,,,,,,,,,,,,
,406414,001,2026-04-14_16h58.29.167,DFv2,2026.1.1,Win32,59.88023952,,,,,,,,,,,,,,,,,,,,,,,,,,,,,,,,,,,,,,,,,,,,,,,,,,41,,,,,759.6632,760.4283,y,0.7488,,0,44,44,40,1,upkeep,Y,,,,,,,,,,,,,,,,,,
,406414,001,2026-04-14_16h58.29.167,DFv2,2026.1.1,Win32,59.88023952,,,,,,,,,,,,,,,,,,,,,,,,,,,,,,,,,,,,,,,,,,,,,,,,,,2,,,,,760.4298,761.2448,y,0.8064,,0,45,45,1,1,denial,Y,,,,,,,,,,,,,,,,,,
,406414,001,2026-04-14_16h58.29.167,DFv2,2026.1.1,Win32,59.88023952,,,,,,,,,,,,,,,,,,,,,,,,,,,,,,,,,,,,,,,,,,,,,,,,,,44,,,,,761.2458,762.9953,y,1.7314,,0,46,46,43,1,nourishment,Y,,,,,,,,,,,,,,,,,,
,406414,001,2026-04-14_16h58.29.167,DFv2,2026.1.1,Win32,59.88023952,,,,,,,,,,,,,,,,,,,,,,,,,,,,,,,,,,,,,,,,,,,,,,,,,,22,,,,,762.9967,764.8119,n,1.7966,,0,47,47,21,1,spaunch,N,,,,,,,,,,,,,,,,,,
,406414,001,2026-04-14_16h58.29.167,DFv2,2026.1.1,Win32,59.88023952,,,,,,,,,,,,,,,,,,,,,,,,,,,,,,,,,,,,,,,,,,,,,,,,,,57,,,,,764.8134,765.7618,n,0.9357,,0,48,48,56,1,purrage,N,,,,,,,,,,,,,,,,,,
,406414,001,2026-04-14_16h58.29.167,DFv2,2026.1.1,Win32,59.88023952,,,,,,,,,,,,,,,,,,,,,,,,,,,,,,,,,,,,,,,,,,,,,,,,,,15,,,,,765.7631,766.9619,y,1.1813,,0,49,49,14,1,breeding,Y,,,,,,,,,,,,,,,,,,
,406414,001,2026-04-14_16h58.29.167,DFv2,2026.1.1,Win32,59.88023952,,,,,,,,,,,,,,,,,,,,,,,,,,,,,,,,,,,,,,,,,,,,,,,,,,18,,,,,766.9633,769.0614,y,2.088,,0,50,50,17,1,savoury,Y,,,,,,,,,,,,,,,,,,
,406414,001,2026-04-14_16h58.29.167,DFv2,2026.1.1,Win32,59.88023952,,,,,,,,,,,,,,,,,,,,,,,,,,,,,,,,,,,,,,,,,,,,,,,,,,34,,,,,769.0628,772.3453,n,3.2642,,0,51,51,33,1,plaintively,Y,,,,,,,,,,,,,,,,,,
,406414,001,2026-04-14_16h58.29.167,DFv2,2026.1.1,Win32,59.88023952,,,,,,,,,,,,,,,,,,,,,,,,,,,,,,,,,,,,,,,,,,,,,,,,,,25,,,,,772.3466,774.0789,y,1.7192,,0,52,52,24,1,recipient,Y,,,,,,,,,,,,,,,,,,
,406414,001,2026-04-14_16h58.29.167,DFv2,2026.1.1,Win32,59.88023952,,,,,,,,,,,,,,,,,,,,,,,,,,,,,,,,,,,,,,,,,,,,,,,,,,31,,,,,774.0803,774.9622,y,0.8688,,0,53,53,30,1,ingenious,Y,,,,,,,,,,,,,,,,,,
,406414,001,2026-04-14_16h58.29.167,DFv2,2026.1.1,Win32,59.88023952,,,,,,,,,,,,,,,,,,,,,,,,,,,,,,,,,,,,,,,,,,,,,,,,,,48,,,,,774.9636,775.7458,y,0.7682,,0,54,54,47,1,carbohydrate,Y,,,,,,,,,,,,,,,,,,
,406414,001,2026-04-14_16h58.29.167,DFv2,2026.1.1,Win32,59.88023952,,,,,,,,,,,,,,,,,,,,,,,,,,,,,,,,,,,,,,,,,,,,,,,,,,46,,,,,775.747,776.9122,n,1.1499,,0,55,55,45,1,proom,N,,,,,,,,,,,,,,,,,,
,406414,001,2026-04-14_16h58.29.167,DFv2,2026.1.1,Win32,59.88023952,,,,,,,,,,,,,,,,,,,,,,,,,,,,,,,,,,,,,,,,,,,,,,,,,,12,,,,,776.9139,777.7119,y,0.7877,,0,56,56,11,1,flaw,Y,,,,,,,,,,,,,,,,,,
,406414,001,2026-04-14_16h58.29.167,DFv2,2026.1.1,Win32,59.88023952,,,,,,,,,,,,,,,,,,,,,,,,,,,,,,,,,,,,,,,,,,,,,,,,,,33,,,,,777.7133,778.8291,n,1.099,,0,57,57,32,1,skave,N,,,,,,,,,,,,,,,,,,
,406414,001,2026-04-14_16h58.29.167,DFv2,2026.1.1,Win32,59.88023952,,,,,,,,,,,,,,,,,,,,,,,,,,,,,,,,,,,,,,,,,,,,,,,,,,11,,,,,778.8305,780.879,y,2.0299,,0,58,58,10,1,hurricane,Y,,,,,,,,,,,,,,,,,,
,406414,001,2026-04-14_16h58.29.167,DFv2,2026.1.1,Win32,59.88023952,,,,,,,,,,,,,,,,,,,,,,,,,,,,,,,,,,,,,,,,,,,,,,,,,,40,,,,,780.8802,781.8122,n,0.9217,,0,59,59,39,1,crumper,N,,,,,,,,,,,,,,,,,,
,406414,001,2026-04-14_16h58.29.167,DFv2,2026.1.1,Win32,59.88023952,,,,,,,,,,,,,,,,,,,,,,,,,,,,,,,,,,,,,,,,,,,,,,,,,,21,,,,,781.8136,782.5627,y,0.731,,0,60,60,20,1,fluid,Y,,,,,,,,,,,,,,,,,,
,406414,001,2026-04-14_16h58.29.167,DFv2,2026.1.1,Win32,59.88023952,,,,,,,,,,,,,,,,,,,,,,,,,,,,,,,,,,,,,,,,,,,,,,,,,,58,,,,,782.564,783.6457,n,1.0679,,0,61,61,57,1,pulsh,N,,,,,,,,,,,,,,,,,,
,406414,001,2026-04-14_16h58.29.167,DFv2,2026.1.1,Win32,59.88023952,,,,,,,,,,,,,,,,,,,,,,,,,,,,,,,,,,,,,,,,,,,,,,,,,,29,,,,,783.6471,784.4957,y,0.83,,0,62,62,28,1,dispatch,Y,,,,,,,,,,,,,,,,,,
,406414,001,2026-04-14_16h58.29.167,DFv2,2026.1.1,Win32,59.88023952,,,,,,,,,,,,,,,,,,,,,,,,,,,,,,,,,,,,,,,,,,,,,,,,,,,,,,,,,,,,,,,,,,,Yes,No,No,10,10,10,10,0,Often,"[""colleagues_classmates""]",No,grad_school,24,,,,,
,406414,001,2026-04-14_16h58.29.167,DFv2,2026.1.1,Win32,59.88023952,,,,,,,,,,,,,,,,,,,,,,,,,,,,,,,,,,,,,,,,,,,,,,,,,,,,,,,,,,,,,,,,,,,,,,,,,,,,,,,,850.59,855.1662,space,3.5527,
,406414,001,2026-04-14_16h58.29.167,DFv2,2026.1.1,Win32,59.88023952,,,,,,,,,,,,,,,,,,,,,,,,,,,,,,,,,,,,,,,,,,,,,,,,,,,,,,,,,,,,,,,,,,,,,,,,,,,,,,,,,,,,
